veredito;produto;fornecedor;codigo;pagina_catalogo;custo_catalogo;pcs_caixa;preco_amazon_faixa;ranking_amazon;vendedores_por_anuncio;custo_maximo_30pct;observacao
Recomendado;Kit canetas marcadoras acrilicas 48 cores;KAPBOM;KA-1925;175;16.00;60;R$ 49,90 a 155,90;47 Papelaria;1;28.30;Muito vendido, 1 vendedor por anuncio
Recomendado;Kit canetas marcadoras acrilicas 36 cores;KAPBOM;KA-2393;175;12.00;;R$ 59,90 a 116,90;47 Papelaria;1;28.30;Confirmar qtd por caixa
Recomendado;Kit canetas marcadoras acrilicas 24 cores;KAPBOM;KA-2391;174;8.00;72;R$ 24,90 a 30,88;47 Papelaria;1;10.05;Margem menor que 36/48 cores
Recomendado;Guarda-chuva automatico 100 cm;KAPBOM;KA-J238;145;12.00;60;R$ 38,99 a 41,90;7 Moda;1;16.90;Demanda muito alta
Recomendado;Alicate de crimpagem;HOLDA;H1300;17;15.00;48-60;R$ 36 a 86;496 Ferramentas;1-3;19.60;
Recomendado;Necessaire de viagem prova d'agua G;KAPBOM;KA-7580;149;10.00;;R$ 37,87 a 38,87;254 Moda;1-2;16.00;
Recomendado;Alicate desencapador/decapador de fios;OI VIDA / HOLDA / NEW ION;OI5769 ou OI5729 / H...;19 (Oi Vida);8.50 a 14.50;72-90;R$ 34 a 68;363 Ferramentas;1-15;16.70;Amazon ganha a Buy Box em 2 de 4 anuncios; confirmar modelo e preco
Talvez;Joelheira de compressao ortopedica;MINIMEN;MM-HX55?;40;a confirmar (~15);;R$ 39,90 a 66,40;138 Esporte;1-3;22.40;Preco nao ficou claro no PDF
Talvez;Calculadora cientifica;HOLDA;H6069;56;a confirmar (~9);60-160;R$ 25,40 a 58,90;184 Papelaria;1-19;10.05;Volta as aulas; Amazon ganha em 1 de 4
Talvez;Torneira gourmet monocomando quente/fria preta;HOLDA;KA-SLT29;75;45.00;30;R$ 89 a 199;349 Ferramentas;1-4;42.10;Custo acima do teto conservador; risco de devolucao
Nao;Travesseiro cervical ortopedico;MINIMEN;;3;42.00;;R$ 86 a 187;334 Casa;1-41;37.80;Custo acima do teto; Amazon ganha em 2 de 4
Nao;Suporte veicular c/ ventosa (nao e Starlink);OI VIDA;OI-S007;2;6.50;100;R$ 20 a 30;;muitos;;Concorrencia alta
Nao;Copo termico c/ canudo;NEW ION;;;21.00;;R$ 41,99 a 47,99;47 Cozinha;1;18.10;Margem 24%
Nao;Paquimetro digital;HOLDA;;;15.50;;R$ 26,90 a 35,90;100 Automotivo;1-5;9.50;Margem 19%
Nao;Balanca digital de mao 50 kg;NEW ION;;;8.50;;R$ 12,90 a 20,90;36 Moda;1;5.70;Margem 16%
Nao;Lanterna tatica recarregavel;B-MAX;;;16.00;;R$ 15,90 a 29,90;114 Ferramentas;1;7.40;Prejuizo
