prioridade;produto_issam;departamento;comparavel_na_amazon;ranking_amazon;preco_amazon;vendedores_no_anuncio;pague_no_maximo;observacao
1;Capa de maquina de lavar pvc c/ziper (G, GG, 12-15kg);confeccao;Capa para maquina de lavar com ziper;14 Eletrodomesticos;R$ 38,90 a 41,91;2;16.30;Leve e plana, taxa FBA baixa
1;Guarda chuva automatico (xadrez / dois tons, 8 varetas);guarda-chuva;Guarda-chuva automatico reforcado;12 Moda;R$ 39,90 a 41,90;1;16.90;Demanda muito alta
1;Caixa organizadora 30 L c/trava (color ou transparente);u-d;Sanremo caixa organizadora 29 L;8 Moveis;R$ 41,90 a 44,47;11;18.00;Volumosa: confirmar taxa FBA real
1;Tapete p/exercicio EVA 60x174cm;variedades;Tapete yoga EVA;130 Esporte;R$ 54,90;2;25.40;
1;Garrafa termica 750ml (Style / Tropicali);u-d;Garrafa termica inox 750ml;96 Esporte;R$ 44,99 a 53,98;3;19.80;
2;Varal de chao dobravel (2 andares / Osaka / Toquio);u-d;Varal de chao dobravel 3 andares;72 Casa;R$ 65,70 a 69,20;2;31.60;Volumoso: confirmar taxa FBA real
2;Porta frios 26x17cm c/pinca transparente;u-d;Kit 2 porta frios geladeira;79 Eletrodomesticos;R$ 44,99 (kit 2);9;19.80 (kit 2);Vender em kit de 2
2;Chaleira 2,7 L c/apito;u-d;Chaleira com assobio;131 Cozinha;R$ 45,89;11;20.30;
2;Lixeira aco inox c/pedal 3 L;u-d;Lixeira inox slim c/pedal 3 L;101 Casa;R$ 42,90;4;18.60;
2;Frigideira inducao wok 34cm;u-d;Frigideira wok inducao;138 Cozinha;R$ 75,98;1;37.40;
2;Mochila executiva black 18 pol;escolar;Mochila executiva notebook;270 Informatica;R$ 109,99;1;50.60;Volta as aulas / trabalho
3;Escorredor de louca aramado (preto);u-d;Escorredor de loucas preto;219 Cozinha;R$ 35,90 a 39,90;1-18;14.60;
3;Papel de parede autoadesivo flores 45cm x 5m;variedades;Papel de parede adesivo floral;410 Ferramentas;R$ 45,90;2;20.30;
3;Kit tapete e passadeira cozinha;u-d;Jogo de tapetes cozinha;683 Casa;R$ 49,90;2;22.50;
3;Garrafa inox 900ml;u-d;Garrafa termica inox 900ml;663 Cozinha;R$ 78,99;3;39.10;
3;Guia com peitoral (pet);pet;Coleira peitoral com guia;785 Pet;R$ 51,92;2;23.70;
3;Capa de chuva infantil;guarda-chuva;Capa de chuva infantil;548 Moda;R$ 44,99;1;19.70;
3;Cesto de bambu 40x30x50 (roupa suja);u-d;Cesto de roupa suja bambu c/tampa;297 Casa;R$ 44,90;1;19.70;Volumoso
3;Relogio de parede 34,5cm;variedades;Relogio de parede quartz;486 Casa;R$ 41,00;6;17.50;
3;Faqueiro 25 pcs c/suporte;u-d;Faqueiro 25 pecas inox c/suporte;752 Cozinha;R$ 34,90;1;14.00;
