categoria_id;categoria;posicao;tipo;id;titulo;preco;moeda;link;imagem
MLB5672;Acessórios para Veículos;1;USER_PRODUCT;MLBU3065974040;;;;;
MLB5672;Acessórios para Veículos;2;ITEM;MLB5298350806;;;;;
MLB5672;Acessórios para Veículos;3;PRODUCT;MLB65770538;Carregador Inteligente De Bateria Automotiva 12v 6a Bivolt Recupera Baterias 4ah A 100ah Todos Veículos Moto Carro Caminhão Barco Woosh;;;;https://http2.mlstatic.com/D_NQ_NP_759704-MLA106789327270_022026-F.jpg
MLB5672;Acessórios para Veículos;4;PRODUCT;MLB18399855;Panos Scott Duramax com 58 unidades;;;;https://http2.mlstatic.com/D_NQ_NP_825452-MLA115734736817_082026-F.jpg
MLB5672;Acessórios para Veículos;5;USER_PRODUCT;MLBU1725544651;;;;;
MLB5672;Acessórios para Veículos;6;PRODUCT;MLB51050396;Fone De Ouvido Para Capacete Intercomunicador Bluetooth Headset Rgb Sem Fio Música GPS Chamadas Handsfree Alta Potência Woosh;;;;https://http2.mlstatic.com/D_NQ_NP_630299-MLA115364447844_082026-F.jpg
MLB5672;Acessórios para Veículos;7;PRODUCT;MLB24783436;Modulo Taramps 400 Rms Ts-400 Ts400x4 T400 4 Canais V6;;;;https://http2.mlstatic.com/D_NQ_NP_998570-MLA114937661178_082026-F.jpg
MLB5672;Acessórios para Veículos;8;PRODUCT;MLB58366147;Auxiliar de Partida Carregador Bateria Com Compressor de Ar Emergência Portátil Veicular Floots Automotivo;;;;https://http2.mlstatic.com/D_NQ_NP_873588-MLA112878636368_072026-F.jpg
MLB5672;Acessórios para Veículos;9;USER_PRODUCT;MLBU1425791872;;;;;
MLB5672;Acessórios para Veículos;10;USER_PRODUCT;MLBU3987996189;;;;;
MLB5672;Acessórios para Veículos;11;USER_PRODUCT;MLBU1458199008;;;;;
MLB5672;Acessórios para Veículos;12;PRODUCT;MLB18464286;Capacete Moto Aberto Pro Tork New Liberty Three Amarelo Tamanho 56 Desenho Solid Viseira Cristal;;;;https://http2.mlstatic.com/D_NQ_NP_951048-MLA101766821321_122025-F.jpg
MLB5672;Acessórios para Veículos;13;USER_PRODUCT;MLBU3470581384;;;;;
MLB5672;Acessórios para Veículos;14;PRODUCT;MLB24063732;Capacete Robocop Escamoteável Fechado Mixs Gladiator Delta S Cor Azul Rosa Brilhante Tamanho do capacete 60;;;;https://http2.mlstatic.com/D_NQ_NP_803689-MLU77367665385_072024-F.jpg
MLB5672;Acessórios para Veículos;15;USER_PRODUCT;MLBU3965340830;;;;;
MLB5672;Acessórios para Veículos;16;ITEM;MLB3782053541;;;;;
MLB5672;Acessórios para Veículos;17;USER_PRODUCT;MLBU3691258856;;;;;
MLB5672;Acessórios para Veículos;18;PRODUCT;MLB21562564;Amplificador Taramps TS 800x4 800W 4 Canais para Som Automotivo;;;;https://http2.mlstatic.com/D_NQ_NP_631074-MLA99452011506_112025-F.jpg
MLB5672;Acessórios para Veículos;19;PRODUCT;MLB75836344;Auxiliar de Partida Bateria e Compressor de Ar Portátil 6 em 1 Inteligente para Carro, Moto e Bicicleta com Lanterna e Power Bank;;;;https://http2.mlstatic.com/D_NQ_NP_973555-MLA115777841187_082026-F.jpg
MLB5672;Acessórios para Veículos;20;PRODUCT;MLB74933617;Auxiliar De Partida Bateria Carro Compressor De Ar Portátil 12V 4 funções em 1 Inflador Digital Calibrador Pneu Power Bank Lanterna LED Emergência Automotiva Moto SUV Bicicleta Caminhonete MidiaFone;;;;https://http2.mlstatic.com/D_NQ_NP_754380-MLA117622146633_092026-F.jpg
MLB271599;Agro;1;PRODUCT;MLB30144703;Parafusadeira Furadeira De Impacto The Black Tools Profissional TB-21PX 2 Baterias Com Maleta 60Hz Amarelo;;;;https://http2.mlstatic.com/D_NQ_NP_981459-MLA117136184907_092026-F.jpg
MLB271599;Agro;2;PRODUCT;MLB47944518;Lavadora De Alta Pressão Kärcher Prática Black 1500 Psi 1400w 300l/h Com Aplicador De Detergente E Lança Regulável;;;;https://http2.mlstatic.com/D_NQ_NP_894333-MLA115546000124_082026-F.jpg
MLB271599;Agro;3;PRODUCT;MLB19109935;"Esmerilhadeira Bosch 4,5"" 220V 710W GWS 700 06013A30E0";;;;https://http2.mlstatic.com/D_NQ_NP_670719-MLA99986706915_112025-F.jpg
MLB271599;Agro;4;PRODUCT;MLB28765604;"Parafusadeira e Furadeira de Impacto 3/8"" WAP K21 ID02 2000 mAh";;;;https://http2.mlstatic.com/D_NQ_NP_621555-MLA114663974288_082026-F.jpg
MLB271599;Agro;5;PRODUCT;MLB46221782;Válvula Alternadora Duchão Blukit para Caixa d'Água 5 mca;;;;https://http2.mlstatic.com/D_NQ_NP_992216-MLA99964861387_112025-F.jpg
MLB271599;Agro;6;PRODUCT;MLB53768796;Lavadora de Alta Pressão Compacta WAP WL 1800 1400W 1500PSI 360L/h 127V;;;;https://http2.mlstatic.com/D_NQ_NP_914656-MLA112812146736_072026-F.jpg
MLB271599;Agro;7;PRODUCT;MLB19769133;Óleo Moto Mobil 10w30 Semi Sintético 4t;;;;https://http2.mlstatic.com/D_NQ_NP_869888-MLA117480726537_092026-F.jpg
MLB271599;Agro;8;PRODUCT;MLB16052641;Ferrari Motobomba periférica 1/2 hp monofásica Acquaflow;;;;https://http2.mlstatic.com/D_NQ_NP_766947-MLA93749158363_092025-F.jpg
MLB271599;Agro;9;PRODUCT;MLB35973820;Herbicida Seletivo Gramix para Grama Esmeralda, São Carlos, Bermuda e Coreana da Dexter;;;;https://http2.mlstatic.com/D_NQ_NP_740702-MLA99478699324_112025-F.jpg
MLB271599;Agro;10;PRODUCT;MLB50969758;Kit Nível A Laser Verde 12 Linhas Esquadro + Suporte + Tripé Recarregavel Profissional Prumo Autonivelante Nano Bateria;;;;https://http2.mlstatic.com/D_NQ_NP_609947-MLA100070739765_122025-F.jpg
MLB271599;Agro;11;PRODUCT;MLB34022084;Lavadora de Alta Pressão sem Fio Profissional Portátil para Limpeza de Carro, Casa e Jardim;;;;https://http2.mlstatic.com/D_NQ_NP_714079-MLA99452676014_112025-F.jpg
MLB271599;Agro;12;PRODUCT;MLB18611173;Lavadora de Alta Pressão Kärcher K5 2100 PSI 380L/h 1900W Motor Indução Com Jato Turbo Rotativo e Lança Leque;;;;https://http2.mlstatic.com/D_NQ_NP_724354-MLA99989590201_112025-F.jpg
MLB271599;Agro;13;PRODUCT;MLB13626400;Esmerilhadeira Angular 115mm BLACK+DECKER 12.000RPM G650 650W;;;;https://http2.mlstatic.com/D_NQ_NP_633757-MLA99556934146_122025-F.jpg
MLB271599;Agro;14;PRODUCT;MLB19769131;Óleo Motor Mobil Mineral 20w50 Moto/quadriciclo;;;;https://http2.mlstatic.com/D_NQ_NP_927058-MLA118606699317_102026-F.jpg
MLB271599;Agro;15;PRODUCT;MLB19850623;"Parafusadeira Furadeira a Bateria Vonder 3/8"" 12 V PFV 120 60.01.100.120";;;;https://http2.mlstatic.com/D_NQ_NP_649365-MLA99985884219_112025-F.jpg
MLB271599;Agro;16;PRODUCT;MLB49090259;Pulverizador Manual 2 L Snow Foam Profissional Com 3 Bicos para Espuma Ativa;;;;https://http2.mlstatic.com/D_NQ_NP_974970-MLA117325239172_102026-F.jpg
MLB271599;Agro;17;PRODUCT;MLB19691969;Pressurizador Chuveiro Mini Bomba Komeco Tp 40 Bivolt;;;;https://http2.mlstatic.com/D_NQ_NP_963993-MLA99990277005_112025-F.jpg
MLB271599;Agro;18;PRODUCT;MLB18357322;Parafusadeira Furadeira de Impacto Dewalt DCD7781D2 20V Brushless Mandril 13mm Torque 65Nm Com 2 Baterias Carregador Bivolt e Maleta;;;;https://http2.mlstatic.com/D_NQ_NP_747497-MLA116950538042_092026-F.jpg
MLB271599;Agro;19;PRODUCT;MLB23350267;Adubo Líquido Ouro Verde 100 mL Fertilizante para Plantas e Gramados;;;;https://http2.mlstatic.com/D_NQ_NP_834707-MLA99577800606_122025-F.jpg
MLB271599;Agro;20;PRODUCT;MLB68028763;Parafusadeira Furadeira De Impacto The Black Tools Com Maleta + Kit Acessórios 147 Peças 2 Baterias Profissional Tbkit17;;;;https://http2.mlstatic.com/D_NQ_NP_893272-MLA109592658570_042026-F.jpg
MLB1403;Alimentos e Bebidas;1;PRODUCT;MLB18399832;Bombom Wafer Recheado Ouro Branco Sabor Chocolate Branco 1Kg;;;;https://http2.mlstatic.com/D_NQ_NP_762733-MLA113027523774_072026-F.jpg
MLB1403;Alimentos e Bebidas;2;PRODUCT;MLB19533702;Trident Chiclete Sabor Herbal Sem Açucar 21 unidades de 8g;;;;https://http2.mlstatic.com/D_NQ_NP_716430-MLA99450346496_112025-F.jpg
MLB1403;Alimentos e Bebidas;3;PRODUCT;MLB18405766;Azeite De Oliva Gallo 500 Ml - Extra Virgem;;;;https://http2.mlstatic.com/D_NQ_NP_798796-MLA114682002460_082026-F.jpg
MLB1403;Alimentos e Bebidas;4;PRODUCT;MLB26643973;Azeite De Oliva Extra Virgem O-live 450ml;;;;https://http2.mlstatic.com/D_NQ_NP_646702-MLA91837435296_092025-F.jpg
MLB1403;Alimentos e Bebidas;5;PRODUCT;MLB18405804;Azeite De Oliva Extra Virgem Andorinha 500ml Original;;;;https://http2.mlstatic.com/D_NQ_NP_764609-MLA111510472711_052026-F.jpg
MLB1403;Alimentos e Bebidas;6;PRODUCT;MLB18309809;Creme De Avelã Nutella 650 g;;;;https://http2.mlstatic.com/D_NQ_NP_898642-MLA110840593331_042026-F.jpg
MLB1403;Alimentos e Bebidas;7;PRODUCT;MLB19089070;Azeite De Oliva Extra Virgem 500 mL Cocinero Pet;;;;https://http2.mlstatic.com/D_NQ_NP_905581-MLA99442314910_112025-F.jpg
MLB1403;Alimentos e Bebidas;8;PRODUCT;MLB19788309;Suco De Uva Aurora Tinto Integral Caixa 1,5l;;;;https://http2.mlstatic.com/D_NQ_NP_839170-MLA99443031486_112025-F.jpg
MLB1403;Alimentos e Bebidas;9;PRODUCT;MLB34178051;Café Torrado E Moido Tradicional Pouch 500g Intensidade 8 União Pacote;;;;https://http2.mlstatic.com/D_NQ_NP_874566-MLA99442675624_112025-F.jpg
MLB1403;Alimentos e Bebidas;10;PRODUCT;MLB18311507;Leite Uht Integral Italac Edge 1L;;;;https://http2.mlstatic.com/D_NQ_NP_640660-MLA118250043961_092026-F.jpg
MLB1403;Alimentos e Bebidas;11;PRODUCT;MLB18312051;Açúcar Refinado União 1kg;;;;https://http2.mlstatic.com/D_NQ_NP_972949-MLA99442201336_112025-F.jpg
MLB1403;Alimentos e Bebidas;12;PRODUCT;MLB18393188;Café Melitta Tradicional 500g;;;;https://http2.mlstatic.com/D_NQ_NP_687237-MLA118252842489_092026-F.jpg
MLB1403;Alimentos e Bebidas;13;PRODUCT;MLB18512758;Suplemento em pó Nutren Senior 50+ Carboidratos Sem sabor x 740g;;;;https://http2.mlstatic.com/D_NQ_NP_984686-MLA99458609238_112025-F.jpg
MLB1403;Alimentos e Bebidas;14;PRODUCT;MLB18306336;Refrigerante Zero Açúcar Coca-Cola Mini Garrafa 12 Unidades 200ml Cada;;;;https://http2.mlstatic.com/D_NQ_NP_792400-MLA99441425270_112025-F.jpg
MLB1403;Alimentos e Bebidas;15;PRODUCT;MLB21836683;Bombom chocolate Sonho De Valsa Lacta 1Kg;;;;https://http2.mlstatic.com/D_NQ_NP_945640-MLA114756245904_082026-F.jpg
MLB1403;Alimentos e Bebidas;16;PRODUCT;MLB19535814;Fini - Tubes - Uva - 15g - C/12;;;;https://http2.mlstatic.com/D_NQ_NP_616353-MLA99925681449_112025-F.jpg
MLB1403;Alimentos e Bebidas;17;PRODUCT;MLB26184226;Cafe Graos Torrado Torra Media Arábica Em Grãos 1kg Gourmet;;;;https://http2.mlstatic.com/D_NQ_NP_870974-MLA99440539954_112025-F.jpg
MLB1403;Alimentos e Bebidas;18;PRODUCT;MLB17849735;Pringles Snacks Salgadinho de Batata Original 114 g;;;;https://http2.mlstatic.com/D_NQ_NP_884407-MLU78245622334_082024-F.jpg
MLB1403;Alimentos e Bebidas;19;PRODUCT;MLB18405759;Azeite de Oliva Extra Virgem Português Herdade do Esporão Vidro 500ml;;;;https://http2.mlstatic.com/D_NQ_NP_763509-MLA99899833903_112025-F.jpg
MLB1403;Alimentos e Bebidas;20;PRODUCT;MLB19466023;YoPRO Bebida Láctea UHT Chocolate 15g de proteínas 250ml - 12 unidades;;;;https://http2.mlstatic.com/D_NQ_NP_953528-MLA112540456984_062026-F.jpg
MLB1071;Animais;1;PRODUCT;MLB28131416;Tapete Higiênico para Cachorro 50 Unidades 60x55cm com Gel Absorvente Fralda Manta Pet Cão Com Fitas Adesivas Anti Odor Atrativo Canino;;;;https://http2.mlstatic.com/D_NQ_NP_971200-MLA114202177794_082026-F.jpg
MLB1071;Animais;2;PRODUCT;MLB15982835;Simparic 20mg Antipulgas Cães 5 A 10kg 1 Comprimidos Zoetis;;;;https://http2.mlstatic.com/D_NQ_NP_632417-MLA118197932597_092026-F.jpg
MLB1071;Animais;3;PRODUCT;MLB45250759;Tapete Higiênico Pet 50 Unidades 60x60 Descartável Cão Gato;;;;https://http2.mlstatic.com/D_NQ_NP_820836-MLA118246315219_092026-F.jpg
MLB1071;Animais;4;PRODUCT;MLB15982844;Bravecto Cães 20-40kg 1000mg 1 Comp. Mastigável Msd Azul;;;;https://http2.mlstatic.com/D_NQ_NP_713073-MLA87288318879_072025-F.jpg
MLB1071;Animais;5;PRODUCT;MLB44443088;Areia Sanitária Kadi para Gatos 4 kg Milho e Mandioca;;;;https://http2.mlstatic.com/D_NQ_NP_635936-MLA100959058996_122025-F.jpg
MLB1071;Animais;6;PRODUCT;MLB15982830;NexGard Cachorro 25 kg à 50 kg 3 Comprimidos;;;;https://http2.mlstatic.com/D_NQ_NP_631012-MLA100018783777_122025-F.jpg
MLB1071;Animais;7;PRODUCT;MLB10190738;Ração Golden P/ Gato Castrado Adulto Sabor Frango 10,1kg;;;;https://http2.mlstatic.com/D_NQ_NP_956444-MLA116327367506_092026-F.jpg
MLB1071;Animais;8;PRODUCT;MLB69613562;Areia Higiênica Granulado Para Gatos 4kg Mandioca + Minerais Controle De Odores Alta Absorção Econômica Biodegradável Não Suja Patinhas Rende Mais Banheiro Sanitário Pet Super Premium;;;;https://http2.mlstatic.com/D_NQ_NP_632907-MLA115701618116_092026-F.jpg
MLB1071;Animais;9;PRODUCT;MLB35005734;Coleira Antiparasita Scalibor 65 cm Proteção 4 Meses Pulgas e Mosquitos;;;;https://http2.mlstatic.com/D_NQ_NP_908706-MLA118066167113_092026-F.jpg
MLB1071;Animais;10;PRODUCT;MLB37366885;Areia De Mandioca Para Gatos Biodegradável Wisecat 4kg Bionature;;;;https://http2.mlstatic.com/D_NQ_NP_737688-MLA110947768697_042026-F.jpg
MLB1071;Animais;11;PRODUCT;MLB36464821;Antipulgas Defenza 45mg Cães De 2 A 4,5kg 1 Comprimido Msd;;;;https://http2.mlstatic.com/D_NQ_NP_605917-MLA110210763454_052026-F.jpg
MLB1071;Animais;12;PRODUCT;MLB47067954;Whiskas Sachê Carne ao Molho para Gatos Adultos KIT 20 unidades de 85 g;;;;https://http2.mlstatic.com/D_NQ_NP_637033-MLA98778680511_112025-F.jpg
MLB1071;Animais;13;PRODUCT;MLB57722636;Areia Higiênica Para Gatos Feita de Mandioca e Milho Biodegradável Alta Absorção Baixo Odor 4kg - GoodVision;;;;https://http2.mlstatic.com/D_NQ_NP_820880-MLA115688638364_092026-F.jpg
MLB1071;Animais;14;PRODUCT;MLB10190736;Gran Plus Menu Castrados Para Gato Adulto Sabor Salmão Y Arroz De 10.1 Kg;;;;https://http2.mlstatic.com/D_NQ_NP_638615-MLA99935523171_112025-F.jpg
MLB1071;Animais;15;PRODUCT;MLB42172335;Cama Gato Nuvem Caminha Pet Redonda Ninho Soft Macia 50x50cm Cor Bege;;;;https://http2.mlstatic.com/D_NQ_NP_614860-MLA109764006388_042026-F.jpg
MLB1071;Animais;16;PRODUCT;MLB18720058;Ração P/caes Adultos Fresh Meat Sensitive Min E Peq 1kg;;;;https://http2.mlstatic.com/D_NQ_NP_952496-MLA99450305980_112025-F.jpg
MLB1071;Animais;17;PRODUCT;MLB75828998;Tapete Higiênico Para Cães Gatos Pets Manta Absorvente 50 Unidades 50x60Cm Branco Fralda Pet Cachorro Camadas De Proteção Bloqueador De Odor Linha Premium Com Camadas De Proteção;;;;https://http2.mlstatic.com/D_NQ_NP_955216-MLA114022806412_072026-F.jpg
MLB1071;Animais;18;PRODUCT;MLB22661241;Shampoo para cães Clorexidina World Fragrância Suave Frasco 500 Ml;;;;https://http2.mlstatic.com/D_NQ_NP_912140-MLA100088914615_122025-F.jpg
MLB1071;Animais;19;PRODUCT;MLB62110513;Coleira Antiparasitária Scalibor 48cm Cães Pulgas Carrapatos MSD;;;;https://http2.mlstatic.com/D_NQ_NP_870187-MLA114452604619_072026-F.jpg
MLB1071;Animais;20;PRODUCT;MLB24728344;Ração Quatree Supreme Gatos Adultos Castrados Salmão e Batata Doce Super Premium;;;;https://http2.mlstatic.com/D_NQ_NP_653171-MLA109271721264_042026-F.jpg
MLB1367;Antiguidades e Coleções;1;USER_PRODUCT;MLBU3804188239;;;;;
MLB1367;Antiguidades e Coleções;2;USER_PRODUCT;MLBU1355636194;;;;;
MLB1367;Antiguidades e Coleções;3;USER_PRODUCT;MLBU3804098969;;;;;
MLB1367;Antiguidades e Coleções;4;PRODUCT;MLB67878863;Bandeira Do Brasil Cetim 1,50x0,90cm Copa Frente e Verso Brasil;;;;https://http2.mlstatic.com/D_NQ_NP_772829-MLA110316696399_042026-F.jpg
MLB1367;Antiguidades e Coleções;5;PRODUCT;MLB70105049;Bandeira Do Brasil God Talent 150x90 Com Ilhos Mastro cor verde;;;;https://http2.mlstatic.com/D_NQ_NP_722722-MLA111070695166_052026-F.jpg
MLB1367;Antiguidades e Coleções;6;PRODUCT;MLB66173945;Bandeira do Brasil em Poliéster Reforçada 1,8 x 2,7m para Eventos;;;;https://http2.mlstatic.com/D_NQ_NP_863260-MLA116378712977_082026-F.jpg
MLB1367;Antiguidades e Coleções;7;PRODUCT;MLB18361812;Electrolux STK14B aspirador de pó vertical com fio 1450W 2 em 1 filtro HEPA branco;;;;https://http2.mlstatic.com/D_NQ_NP_959118-MLA99493021244_112025-F.jpg
MLB1367;Antiguidades e Coleções;8;USER_PRODUCT;MLBU4699066978;;;;;
MLB1367;Antiguidades e Coleções;9;USER_PRODUCT;MLBU4787364656;;;;;
MLB1367;Antiguidades e Coleções;10;USER_PRODUCT;MLBU4789174460;;;;;
MLB1367;Antiguidades e Coleções;11;USER_PRODUCT;MLBU1761370537;;;;;
MLB1367;Antiguidades e Coleções;12;PRODUCT;MLB12489392;Ventilador Torre Arno Eole Infinite Preto 127;;;;https://http2.mlstatic.com/D_NQ_NP_816971-MLA99968283881_112025-F.jpg
MLB1367;Antiguidades e Coleções;13;PRODUCT;MLB64641216;Ventilador de Coluna Britânia 6 Pás de 40cm 160W BVC41A;;;;https://http2.mlstatic.com/D_NQ_NP_702322-MLA105457895165_012026-F.jpg
MLB1367;Antiguidades e Coleções;14;PRODUCT;MLB68847324;Bandeira Do Brasil Para Capô Carro Jogos 190x80 cm;;;;https://http2.mlstatic.com/D_NQ_NP_810376-MLA111076127499_042026-F.jpg
MLB1367;Antiguidades e Coleções;15;USER_PRODUCT;MLBU2884793130;;;;;
MLB1367;Antiguidades e Coleções;16;USER_PRODUCT;MLBU1956516878;;;;;
MLB1367;Antiguidades e Coleções;17;PRODUCT;MLB50415617;Chaleira Inox 2 Litros Com Apito - Aço Inox Cor Vermelho;;;;https://http2.mlstatic.com/D_NQ_NP_753964-MLA100080029219_122025-F.jpg
MLB1367;Antiguidades e Coleções;18;USER_PRODUCT;MLBU3951511740;;;;;
MLB1367;Antiguidades e Coleções;19;USER_PRODUCT;MLBU4131765644;;;;;
MLB1367;Antiguidades e Coleções;20;USER_PRODUCT;MLBU2884704192;;;;;
MLB1368;Arte, Papelaria e Armarinho;1;PRODUCT;MLB11286621;Caixa Papel Sulfite A4 Report 10 Resmas De 500 Folhas Kit;;;;https://http2.mlstatic.com/D_NQ_NP_805455-MLA99487191924_112025-F.jpg
MLB1368;Arte, Papelaria e Armarinho;2;USER_PRODUCT;MLBU3384414202;;;;;
MLB1368;Arte, Papelaria e Armarinho;3;PRODUCT;MLB23873203;Estilete largo, lâmina de 18 mm, ES 218, VONDER;;;;https://http2.mlstatic.com/D_NQ_NP_935448-MLA116842476942_092026-F.jpg
MLB1368;Arte, Papelaria e Armarinho;4;PRODUCT;MLB21722192;Papel Fotográfico Adesivo 130g A4 Glossy Masterprint 100 Fls Cor Branco;;;;https://http2.mlstatic.com/D_NQ_NP_621917-MLA96769693198_112025-F.jpg
MLB1368;Arte, Papelaria e Armarinho;5;PRODUCT;MLB24829321;Kit 10 Fita isolante 3M cor preto 10m x 18mm;;;;https://http2.mlstatic.com/D_NQ_NP_853039-MLA99600851044_122025-F.jpg
MLB1368;Arte, Papelaria e Armarinho;6;PRODUCT;MLB21728461;Papel Sulfite Report A4 100 Folhas Seninha Branco 75g Suzano;;;;https://http2.mlstatic.com/D_NQ_NP_857427-MLA97111980324_112025-F.jpg
MLB1368;Arte, Papelaria e Armarinho;7;PRODUCT;MLB24767543;Fita Dupla Face Scotch 3M, 24mm x 2m Fixa Forte, Fixação Extrema;;;;https://http2.mlstatic.com/D_NQ_NP_922123-MLA113062674306_072026-F.jpg
MLB1368;Arte, Papelaria e Armarinho;8;PRODUCT;MLB63636535;Caderneta Anotação A5 Executiva Tipo Moleskine Couro Sint Cor Preto Com Pauta;;;;https://http2.mlstatic.com/D_NQ_NP_752721-MLA102401357976_122025-F.jpg
MLB1368;Arte, Papelaria e Armarinho;9;USER_PRODUCT;MLBU3773195203;;;;;
MLB1368;Arte, Papelaria e Armarinho;10;PRODUCT;MLB21794892;4000 Etiqueta 10x15 Para Impressora Térmica C/ Serrilha Resm Cor Branco Gigantes do Bazar;;;;https://http2.mlstatic.com/D_NQ_NP_658096-MLA103135549739_122025-F.jpg
MLB1368;Arte, Papelaria e Armarinho;11;PRODUCT;MLB24632708;Kit 24 Adesivo Silicone Pu40fix Selante Branco 387g Tek Bond;;;;https://http2.mlstatic.com/D_NQ_NP_790035-MLA99914840697_112025-F.jpg
MLB1368;Arte, Papelaria e Armarinho;12;PRODUCT;MLB52518188;Fita Adesiva Durex Transparente 4.5cm Larga 45m Pacote Com 4 Unidades;;;;https://http2.mlstatic.com/D_NQ_NP_751300-MLA87755526168_072025-F.jpg
MLB1368;Arte, Papelaria e Armarinho;13;USER_PRODUCT;MLBU595933017;;;;;
MLB1368;Arte, Papelaria e Armarinho;14;PRODUCT;MLB22551447;Mangueira Jardim 30m Tramontina Kit Esguicho E Suporte 1/2 Cor Verde/Preto;;;;https://http2.mlstatic.com/D_NQ_NP_970792-MLA100084631917_122025-F.jpg
MLB1368;Arte, Papelaria e Armarinho;15;PRODUCT;MLB21862338;Papel Sulfite para Organização Rosa Chamex A4 75g 210x297mm - Pacote 500 Folhas Premium;;;;https://http2.mlstatic.com/D_NQ_NP_920549-MLA100559865888_122025-F.jpg
MLB1368;Arte, Papelaria e Armarinho;16;PRODUCT;MLB44577098;3M Fixa Forte Fita Dupla Face Transparente 24mm x 2m;;;;https://http2.mlstatic.com/D_NQ_NP_671590-MLA106199747341_012026-F.jpg
MLB1368;Arte, Papelaria e Armarinho;17;USER_PRODUCT;MLBU3249243521;;;;;
MLB1368;Arte, Papelaria e Armarinho;18;PRODUCT;MLB51764695;Estojo Box Organizador Escolar Com Divisórias Multifuncional 24 Elásticos Lápis Caneta 100 Pens Masculino Feminino Decore Fácil ! Verde;;;;https://http2.mlstatic.com/D_NQ_NP_670612-MLA99639033325_112025-F.jpg
MLB1368;Arte, Papelaria e Armarinho;19;USER_PRODUCT;MLBU3478039710;;;;;
MLB1368;Arte, Papelaria e Armarinho;20;PRODUCT;MLB28309855;10 Rolos Etiqueta Térmica 100x150 1 Coluna (200 Etq/rolo) Cor Branco;;;;https://http2.mlstatic.com/D_NQ_NP_646882-MLA96126233665_102025-F.jpg
MLB1384;Bebês;1;PRODUCT;MLB17335831;Huggies Fralda Descartável Máxima Proteção XG - 16 Un;;;;https://http2.mlstatic.com/D_NQ_NP_843629-MLA114363267829_072026-F.jpg
MLB1384;Bebês;2;PRODUCT;MLB42818400;Papel Toalha Absoluto Multiuso 360 Folhas Com 3 Unidades;;;;https://http2.mlstatic.com/D_NQ_NP_885111-MLA115673151555_082026-F.jpg
MLB1384;Bebês;3;PRODUCT;MLB18715369;Fraldas Pom Pom Protek M x 48 unidades;;;;https://http2.mlstatic.com/D_NQ_NP_906144-MLA99932428557_112025-F.jpg
MLB1384;Bebês;4;PRODUCT;MLB18392845;Lenços Umedecidos Huggies Recém Nascido Pack C/4 - 192 Un;;;;https://http2.mlstatic.com/D_NQ_NP_700377-MLA99930638257_112025-F.jpg
MLB1384;Bebês;5;PRODUCT;MLB39377594;Buba Mamadeira Easy Flow Nuvem 270ml anticólica cor azul;;;;https://http2.mlstatic.com/D_NQ_NP_767921-MLU78250913200_082024-F.jpg
MLB1384;Bebês;6;PRODUCT;MLB18392841;Lenços Umedecidos Huggies Rosto E Corpo 4 pcts - 192 Un;;;;https://http2.mlstatic.com/D_NQ_NP_753827-MLA80015367155_102024-F.jpg
MLB1384;Bebês;7;PRODUCT;MLB42105593;Fralda Protect & Sec 90 Unidades Tamanho Médio Personal Baby;;;;https://http2.mlstatic.com/D_NQ_NP_754916-MLA99922830519_112025-F.jpg
MLB1384;Bebês;8;PRODUCT;MLB17775080;Huggies Lenços Umedecidos Higiene Superior Limpam 2x Mais 48 Un;;;;https://http2.mlstatic.com/D_NQ_NP_969938-MLA110462868389_042026-F.jpg
MLB1384;Bebês;9;PRODUCT;MLB76397729;Kit Mordedor para Bebê brinquedo Sensorial Silicone com Chocalho 8 Peças Coloridas;;;;https://http2.mlstatic.com/D_NQ_NP_636014-MLA114307309560_082026-F.jpg
MLB1384;Bebês;10;PRODUCT;MLB17335905;Fraldas Pampers Descartáveis Premium Care Com 36 Unidades Tamanho Rn Sem Gênero;;;;https://http2.mlstatic.com/D_NQ_NP_870240-MLA116623886308_092026-F.jpg
MLB1384;Bebês;11;PRODUCT;MLB69621632;Fralda Pampers Pants Ajuste Total Tamanho XG, 82 Un;;;;https://http2.mlstatic.com/D_NQ_NP_789253-MLA111638452273_052026-F.jpg
MLB1384;Bebês;12;PRODUCT;MLB24626810;Copo Transição Easy Sip 6m+ SCF551/05 Philips Avent;;;;https://http2.mlstatic.com/D_NQ_NP_700261-MLA99618194932_122025-F.jpg
MLB1384;Bebês;13;PRODUCT;MLB18392608;Fralda Descartável Turma da Mônica Baby M 50 Unidades 12 h;;;;https://http2.mlstatic.com/D_NQ_NP_738296-MLA110297780960_052026-F.jpg
MLB1384;Bebês;14;PRODUCT;MLB17875892;Granado Sabonete Líquido Glicerina Bebê Tradicional 500 ml;;;;https://http2.mlstatic.com/D_NQ_NP_798374-MLA108959754970_032026-F.jpg
MLB1384;Bebês;15;PRODUCT;MLB36436855;Tapete de Atividades Para Bebê Piano Play Funny Dino Maxi Baby;;;;https://http2.mlstatic.com/D_NQ_NP_872497-MLA95657283632_102025-F.jpg
MLB1384;Bebês;16;PRODUCT;MLB28992390;Bomba Tira Leite Materno Elétrica Portátil Extratora Amamentação Mãos Livres Sem BPA Coletor Sugador Bombinha Peito 3 Modos 9 Níveis de Sucção Recarregável Silenciosa Display Digital Fergusom;;;;https://http2.mlstatic.com/D_NQ_NP_913059-MLA116869655113_082026-F.jpg
MLB1384;Bebês;17;PRODUCT;MLB34295736;Huggies Fralda Descartável Máxima Proteção XXG - 112 Un;;;;https://http2.mlstatic.com/D_NQ_NP_939152-MLA99933491581_112025-F.jpg
MLB1384;Bebês;18;PRODUCT;MLB18392647;Fraldas Descartáveis Baby Qu4troSec Com 62 Unidades Tamanho P Turma da Mônica;;;;https://http2.mlstatic.com/D_NQ_NP_944831-MLA110297599476_052026-F.jpg
MLB1384;Bebês;19;PRODUCT;MLB18397455;Pomada Bepantol Baby 120g Creme Preventivo Assaduras Hipoalergênico;;;;https://http2.mlstatic.com/D_NQ_NP_608377-MLA105016133082_012026-F.jpg
MLB1384;Bebês;20;PRODUCT;MLB24208936;Shampoo Johnson's Baby Glicerina Hipoalergênico 750ml;;;;https://http2.mlstatic.com/D_NQ_NP_973923-MLA99918118901_112025-F.jpg
MLB1246;Beleza e Cuidado Pessoal;1;PRODUCT;MLB16084358;Papel Higiênico Supreme Folha Tripla 24 Rolos Neve Folha Tripla;;;;https://http2.mlstatic.com/D_NQ_NP_866261-MLA99361636628_112025-F.jpg
MLB1246;Beleza e Cuidado Pessoal;2;PRODUCT;MLB44470347;Tira Manchas para Roupas Calisul 1kg Percarbonato de Sódio;;;;https://http2.mlstatic.com/D_NQ_NP_846999-MLA117391162992_102026-F.jpg
MLB1246;Beleza e Cuidado Pessoal;3;PRODUCT;MLB24326256;La Roche-posay Cicaplast Baume B5+ Tempo de aplicação Dia/Noite Tipo de pele Todos os tipos de pele;;;;https://http2.mlstatic.com/D_NQ_NP_684143-MLU74084950937_012024-F.jpg
MLB1246;Beleza e Cuidado Pessoal;4;PRODUCT;MLB21361292;Loção Hidratante Corporal Sem Perfume, com Ceramidas Essenciais e Ácido Hialurônico, Textura Fluida CeraVe 473ml;;;;https://http2.mlstatic.com/D_NQ_NP_744669-MLA110746875502_052026-F.jpg
MLB1246;Beleza e Cuidado Pessoal;5;PRODUCT;MLB59774342;Principia Kit Limpeza E Hidratação Ch-01 + Ol-01 + Gl-02 Todo Tipo De Pele Dia/noite;;;;https://http2.mlstatic.com/D_NQ_NP_609209-MLA94364515810_102025-F.jpg
MLB1246;Beleza e Cuidado Pessoal;6;PRODUCT;MLB37257779;Shampoo Anticaspa Cabelos Normais a Oleosos, Dercos DS Vichy, 300g;;;;https://http2.mlstatic.com/D_NQ_NP_646464-MLA112810161826_072026-F.jpg
MLB1246;Beleza e Cuidado Pessoal;7;PRODUCT;MLB66452309;Papel Higiênico Folha Dupla 30m L24p22 Personal;;;;https://http2.mlstatic.com/D_NQ_NP_710576-MLA117488774728_102026-F.jpg
MLB1246;Beleza e Cuidado Pessoal;8;PRODUCT;MLB51183406;Percarbonato De Sódio 100% Puro Tira Manchas Alvejante - 1kg Calisul Original;;;;https://http2.mlstatic.com/D_NQ_NP_890951-MLA104241395072_012026-F.jpg
MLB1246;Beleza e Cuidado Pessoal;9;PRODUCT;MLB68915199;Principia Kit Hidratação E Proteção Facial Ch-o1 + Ps-01 Todo Tipo De Pele Dia/noite;;;;https://http2.mlstatic.com/D_NQ_NP_628874-MLA111086008543_042026-F.jpg
MLB1246;Beleza e Cuidado Pessoal;10;PRODUCT;MLB26080271;L'Oréal Paris Elseve Óleo Extraordinário 100ml - Leave In Anti Frizz Protetor Térmico Tratamento Reconstrutor Para Todos Os Tipos De Cabelo;;;;https://http2.mlstatic.com/D_NQ_NP_605503-MLA114497234356_082026-F.jpg
MLB1246;Beleza e Cuidado Pessoal;11;PRODUCT;MLB44866959;Protetor Solar Antimanchas Com Cor 2 Em Bastão 90fps Sallve;;;;https://http2.mlstatic.com/D_NQ_NP_690853-MLA99434991990_112025-F.jpg
MLB1246;Beleza e Cuidado Pessoal;12;PRODUCT;MLB19755099;Protetor Solar Facial Antioleosidade FPS 80 Anthelios La Roche-Posay 40g;;;;https://http2.mlstatic.com/D_NQ_NP_752201-MLA113617929791_062026-F.jpg
MLB1246;Beleza e Cuidado Pessoal;13;PRODUCT;MLB52363091;Escova Progressiva 150g - Fashion Gold;;;;https://http2.mlstatic.com/D_NQ_NP_861957-MLA108178234350_032026-F.jpg
MLB1246;Beleza e Cuidado Pessoal;14;PRODUCT;MLB18717798;Fralda Bigfral Derma Plus M 8 Unidades Tamanho Médio;;;;https://http2.mlstatic.com/D_NQ_NP_952728-MLA99929505489_112025-F.jpg
MLB1246;Beleza e Cuidado Pessoal;15;PRODUCT;MLB45358161;Kaiak Ultra Natura Colônia Perfume Masculino 100ml Relançamento 2025;;;;https://http2.mlstatic.com/D_NQ_NP_916194-MLA114865292471_072026-F.jpg
MLB1246;Beleza e Cuidado Pessoal;16;PRODUCT;MLB22871761;Escova Rotativa Mondial Ceramica Tourmaline Ion 3x1 Erb-01 Rosa 127/220v;;;;https://http2.mlstatic.com/D_NQ_NP_842831-MLA99963285219_112025-F.jpg
MLB1246;Beleza e Cuidado Pessoal;17;PRODUCT;MLB41221309;Kit 3 Perfumes Cebolinha Jequiti 25ml Infantil Turma da Mônica Colônia Masculina Kit Presente Original;;;;https://http2.mlstatic.com/D_NQ_NP_735112-MLA115743494554_092026-F.jpg
MLB1246;Beleza e Cuidado Pessoal;18;PRODUCT;MLB73055309;Kit 2 Toucas De Cetim Com Faixa Anti Frizz Proteção Noturna;;;;https://http2.mlstatic.com/D_NQ_NP_872999-MLA116972644015_082026-F.jpg
MLB1246;Beleza e Cuidado Pessoal;19;PRODUCT;MLB18964467;Principia Sérum Vitamina C-10;;;;https://http2.mlstatic.com/D_NQ_NP_614742-MLA98385730409_112025-F.jpg
MLB1246;Beleza e Cuidado Pessoal;20;USER_PRODUCT;MLBU3054985330;;;;;
MLB1132;Brinquedos e Hobbies;1;PRODUCT;MLB25656186;Patinete Infantil 3 Rodas com Led/Dobrável Menino/Menina;;;;https://http2.mlstatic.com/D_NQ_NP_944838-MLA99549576346_122025-F.jpg
MLB1132;Brinquedos e Hobbies;2;PRODUCT;MLB23325706;Laptop Infantil Educativo Peppa Pig Bilíngue Candide;;;;https://http2.mlstatic.com/D_NQ_NP_847869-MLA100002014617_112025-F.jpg
MLB1132;Brinquedos e Hobbies;3;PRODUCT;MLB63152047;Patinete Infantil 3 Rodas Led Dobrável Luppy Azul Maxi Toys;;;;https://http2.mlstatic.com/D_NQ_NP_702576-MLA110388417253_042026-F.jpg
MLB1132;Brinquedos e Hobbies;4;PRODUCT;MLB72190404;Squishy Butter Barra De Manteiga Viral Tik Tok Rápido Amarelo;;;;https://http2.mlstatic.com/D_NQ_NP_697861-MLA111660956982_062026-F.jpg
MLB1132;Brinquedos e Hobbies;5;PRODUCT;MLB74451511;Pokémon ME05 Escuridão Absoluta Booster 6 Cartas Copag;;;;https://http2.mlstatic.com/D_NQ_NP_670757-MLA118001948637_092026-F.jpg
MLB1132;Brinquedos e Hobbies;6;PRODUCT;MLB66864521;Copa do Mundo da Fifa 2026™ Kit com 12 envelopes de figurinhas Fifa World Cup 2026™ - Panini - Capa Mole;;;;https://http2.mlstatic.com/D_NQ_NP_903022-MLA109894312615_032026-F.jpg
MLB1132;Brinquedos e Hobbies;7;PRODUCT;MLB67746701;Cozinha Infantil Brinquedo Com Luz 33 Acessórios Sai Água Rosa;;;;https://http2.mlstatic.com/D_NQ_NP_676065-MLA110243997819_042026-F.jpg
MLB1132;Brinquedos e Hobbies;8;PRODUCT;MLB35762220;Conjunto 5 Carrinhos Hot Wheels - Mattel;;;;https://http2.mlstatic.com/D_NQ_NP_724815-MLA99876815105_112025-F.jpg
MLB1132;Brinquedos e Hobbies;9;PRODUCT;MLB43854141;Patinete Infantil 3 Rodas De Led Dobrável Scooter Crianças JustFun Brinquedos Cor Rosa;;;;https://http2.mlstatic.com/D_NQ_NP_645422-MLA117249670232_102026-F.jpg
MLB1132;Brinquedos e Hobbies;10;PRODUCT;MLB79394681;Pokémon Celebração de 30 anos – Blister Triplo com Adesivo Lucario;;;;https://http2.mlstatic.com/D_NQ_NP_847932-MLA116259880492_092026-F.jpg
MLB1132;Brinquedos e Hobbies;11;USER_PRODUCT;MLBU4003145389;;;;;
MLB1132;Brinquedos e Hobbies;12;PRODUCT;MLB37516784;Bicicleta Infantil De Equilíbrio Sem Pedal Andador 4 Rodas Cor Azul;;;;https://http2.mlstatic.com/D_NQ_NP_976719-MLA100007783665_122025-F.jpg
MLB1132;Brinquedos e Hobbies;13;PRODUCT;MLB51652593;Caminhão Dinossauro Pista Com Carrinhos Maleta Transporte Cor Roxo;;;;https://http2.mlstatic.com/D_NQ_NP_845666-MLA99598112378_122025-F.jpg
MLB1132;Brinquedos e Hobbies;14;PRODUCT;MLB79491747;Squishy Brinquedo Antistress Macio Glitter Colecionável Raro;;;;https://http2.mlstatic.com/D_NQ_NP_967924-MLA116331929738_092026-F.jpg
MLB1132;Brinquedos e Hobbies;15;PRODUCT;MLB45975876;Bicicleta Infantil Aro 12 Menina Nathor Flower Rodinha Cesta 2 a 5 Anos;;;;https://http2.mlstatic.com/D_NQ_NP_641740-MLA117324581438_102026-F.jpg
MLB1132;Brinquedos e Hobbies;16;USER_PRODUCT;MLBU3802887639;;;;;
MLB1132;Brinquedos e Hobbies;17;PRODUCT;MLB22648882;Bicicleta Infantil Aro 12 Homem Aranha Nathor Spider-man Cor Vermelho Azul e Preto;;;;https://http2.mlstatic.com/D_NQ_NP_990528-MLA109374024880_042026-F.jpg
MLB1132;Brinquedos e Hobbies;18;PRODUCT;MLB28717101;Cama Elástica Pula Pula Infantil Trampolim 1,4 Metros Atentu;;;;https://http2.mlstatic.com/D_NQ_NP_917104-MLA96155675715_102025-F.jpg
MLB1132;Brinquedos e Hobbies;19;PRODUCT;MLB77672147;Blister Duplo Coleção 30 anos Pókemon Copag - Português;;;;https://http2.mlstatic.com/D_NQ_NP_772088-MLA116397572577_082026-F.jpg
MLB1132;Brinquedos e Hobbies;20;ITEM;MLB5906265712;;;;;
MLB1430;Calçados, Roupas e Bolsas;1;PRODUCT;MLB44923446;Chinelo Unissex Top Havaianas Liso;;;;https://http2.mlstatic.com/D_NQ_NP_740930-MLA100107121067_122025-F.jpg
MLB1430;Calçados, Roupas e Bolsas;2;ITEM;MLB4592320910;;;;;
MLB1430;Calçados, Roupas e Bolsas;3;USER_PRODUCT;MLBU3387021403;;;;;
MLB1430;Calçados, Roupas e Bolsas;4;ITEM;MLB4182420507;;;;;
MLB1430;Calçados, Roupas e Bolsas;5;ITEM;MLB3396120483;;;;;
MLB1430;Calçados, Roupas e Bolsas;6;ITEM;MLB5044170500;;;;;
MLB1430;Calçados, Roupas e Bolsas;7;PRODUCT;MLB45474714;Chinelo Feminino Slim Havaianas;;;;https://http2.mlstatic.com/D_NQ_NP_671885-MLA81672743644_012025-F.jpg
MLB1430;Calçados, Roupas e Bolsas;8;ITEM;MLB5532075156;;;;;
MLB1430;Calçados, Roupas e Bolsas;9;ITEM;MLB1858445728;;;;;
MLB1430;Calçados, Roupas e Bolsas;10;ITEM;MLB5004194280;;;;;
MLB1430;Calçados, Roupas e Bolsas;11;USER_PRODUCT;MLBU1142202325;;;;;
MLB1430;Calçados, Roupas e Bolsas;12;USER_PRODUCT;MLBU3806896227;;;;;
MLB1430;Calçados, Roupas e Bolsas;13;ITEM;MLB4388911224;;;;;
MLB1430;Calçados, Roupas e Bolsas;14;USER_PRODUCT;MLBU773031744;;;;;
MLB1430;Calçados, Roupas e Bolsas;15;ITEM;MLB5408593708;;;;;
MLB1430;Calçados, Roupas e Bolsas;16;ITEM;MLB3746504707;;;;;
MLB1430;Calçados, Roupas e Bolsas;17;ITEM;MLB6203660830;;;;;
MLB1430;Calçados, Roupas e Bolsas;18;ITEM;MLB3392296475;;;;;
MLB1430;Calçados, Roupas e Bolsas;19;ITEM;MLB3806655487;;;;;
MLB1430;Calçados, Roupas e Bolsas;20;ITEM;MLB5396883034;;;;;
MLB1039;Câmeras e Acessórios;1;PRODUCT;MLB13586527;Cartão Micro Sd 32gb 16tbw Western Digital Purple;;;;https://http2.mlstatic.com/D_NQ_NP_763509-MLA109754029485_032026-F.jpg
MLB1039;Câmeras e Acessórios;2;PRODUCT;MLB34016199;Microfone de lapela Hollyland Lark M2 Combo Preto. Sem Fio Duplo Com Cancelamento de Ruído USB-C Lightning Para iPhone Android Câmera Entrevistas Com Estojo de Carregamento Áudio 48kHz 24-bit;;;;https://http2.mlstatic.com/D_NQ_NP_643129-MLA117339921102_102026-F.jpg
MLB1039;Câmeras e Acessórios;3;PRODUCT;MLB53762003;Tripé Profissional Para Celular E Câmera Pedestal 2,1m Suporte Horizontal E Vertical;;;;https://http2.mlstatic.com/D_NQ_NP_741270-MLA100078225171_122025-F.jpg
MLB1039;Câmeras e Acessórios;4;PRODUCT;MLB29217644;Fujifilm Filme Instantâneo Instax Mini C/ 20 Fotos;;;;https://http2.mlstatic.com/D_NQ_NP_618231-MLA99493089846_112025-F.jpg
MLB1039;Câmeras e Acessórios;5;PRODUCT;MLB53816127;Microfone Lapela A'Gold MCF-38D Sem Fio para iPhone e Android com 2 Microfones;;;;https://http2.mlstatic.com/D_NQ_NP_908756-MLA117835115873_092026-F.jpg
MLB1039;Câmeras e Acessórios;6;PRODUCT;MLB73940733;Cabo Carregador Usb-c Tipo C Turbo 60w Carga Rápida Nylon Trançado Premium 1M Reforçado Resistente Compatível Samsung Xiaomi Motorola iPhone 15 16 17 Notebook Tablet Transferência Dados Eletric Teck;;;;https://http2.mlstatic.com/D_NQ_NP_632856-MLA112428403362_062026-F.jpg
MLB1039;Câmeras e Acessórios;7;PRODUCT;MLB65916274;Câmera Digital Infantil Impressão Instantânea Dorama Foto Video Jogos Cor Câmera Polaroid Azul;;;;https://http2.mlstatic.com/D_NQ_NP_872845-MLA106915509722_022026-F.jpg
MLB1039;Câmeras e Acessórios;8;PRODUCT;MLB51856257;Microfone Hollyland Lark A1 Duo Usb-c cor Preto;;;;https://http2.mlstatic.com/D_NQ_NP_939138-MLA99956854929_112025-F.jpg
MLB1039;Câmeras e Acessórios;9;USER_PRODUCT;MLBU3899058137;;;;;
MLB1039;Câmeras e Acessórios;10;PRODUCT;MLB72809998;Luz De Preenchimento Led Rgb Para Foto Vídeo Recarregável Iluminador Portátil Retangular Ring Light;;;;https://http2.mlstatic.com/D_NQ_NP_711466-MLA115031704972_082026-F.jpg
MLB1039;Câmeras e Acessórios;11;USER_PRODUCT;MLBU3829003403;;;;;
MLB1039;Câmeras e Acessórios;12;PRODUCT;MLB62053405;Ring Light 10 Polegadas Com Tripé 2,10m Profissional Video Maker Suporte Celular E Led 3 Cores Iluminação Maquiagem E Gravações Luxside;;;;https://http2.mlstatic.com/D_NQ_NP_759013-MLA97995490325_112025-F.jpg
MLB1039;Câmeras e Acessórios;13;USER_PRODUCT;MLBU4970566361;;;;;
MLB1039;Câmeras e Acessórios;14;PRODUCT;MLB73588329;Tripé Celular Bastão Pau De Selfie Bluetooth Mesa Led 3 Em 1 Preto;;;;https://http2.mlstatic.com/D_NQ_NP_644974-MLA112069359792_062026-F.jpg
MLB1039;Câmeras e Acessórios;15;PRODUCT;MLB53979422;Microfone Lapela Sem Fio Kaidi Tipo-C;;;;https://http2.mlstatic.com/D_NQ_NP_681459-MLA99623098811_112025-F.jpg
MLB1039;Câmeras e Acessórios;16;PRODUCT;MLB29199700;Filme instantâneo Fujifilm Instax Mini Rainbow;;;;https://http2.mlstatic.com/D_NQ_NP_760580-MLA99545936478_122025-F.jpg
MLB1039;Câmeras e Acessórios;17;PRODUCT;MLB51857731;Microfone Lark A1 Hollyland Mini Usb-c Preto;;;;https://http2.mlstatic.com/D_NQ_NP_836376-MLA99418800236_112025-F.jpg
MLB1039;Câmeras e Acessórios;18;PRODUCT;MLB53429683;Microfone Lapela Mymotors Preto Sem Fio Tipo C;;;;https://http2.mlstatic.com/D_NQ_NP_662543-MLA99985670637_112025-F.jpg
MLB1039;Câmeras e Acessórios;19;PRODUCT;MLB54097914;Tripé Para Celular e Câmera Basike 180cm com Rastreamento Facial IA e Controle Bluetooth;;;;https://http2.mlstatic.com/D_NQ_NP_951013-MLA99448401816_112025-F.jpg
MLB1039;Câmeras e Acessórios;20;PRODUCT;MLB22962407;Câmera Instantânea Fujifilm Instax Mini 12 Cor Azul Candy;;;;https://http2.mlstatic.com/D_NQ_NP_895432-MLA99876821305_112025-F.jpg
MLB1574;Casa, Móveis e Decoração;1;PRODUCT;MLB17001072;Lava Roupas Líquido Omo Lavanderia Profissional Lavagem 7 L;;;;https://http2.mlstatic.com/D_NQ_NP_685429-MLA116551180045_082026-F.jpg
MLB1574;Casa, Móveis e Decoração;2;PRODUCT;MLB63904966;Kit 10 Potes Vidro Hermetico Vai Ao Forno Microondas 640ml Marmita Hermético Freezer Fitness Rishon;;;;https://http2.mlstatic.com/D_NQ_NP_900432-MLA113518359539_062026-F.jpg
MLB1574;Casa, Móveis e Decoração;3;PRODUCT;MLB16084358;Papel Higiênico Supreme Folha Tripla 24 Rolos Neve Folha Tripla;;;;https://http2.mlstatic.com/D_NQ_NP_866261-MLA99361636628_112025-F.jpg
MLB1574;Casa, Móveis e Decoração;4;PRODUCT;MLB66453791;Papel Higiênico Familiar Folha Dupla Kit 24 Rolos de 30 m;;;;https://http2.mlstatic.com/D_NQ_NP_790904-MLA108570211465_032026-F.jpg
MLB1574;Casa, Móveis e Decoração;5;PRODUCT;MLB47426343;Capa Protetora Colchão Box Casal Padrão Matelado Impermeável Cor Cinza;;;;https://http2.mlstatic.com/D_NQ_NP_655994-MLA99595804156_122025-F.jpg
MLB1574;Casa, Móveis e Decoração;6;ITEM;MLB4002919471;;;;;
MLB1574;Casa, Móveis e Decoração;7;PRODUCT;MLB75542419;Percarbonato De Sódio 100% Puro Tira Manchas Alvejante - 1kg Calisul;;;;https://http2.mlstatic.com/D_NQ_NP_670568-MLA113572446412_072026-F.jpg
MLB1574;Casa, Móveis e Decoração;8;USER_PRODUCT;MLBU3419246078;;;;;
MLB1574;Casa, Móveis e Decoração;9;PRODUCT;MLB32043715;Tapete 2x1,5 Sala Peludo Quarto Cores Variadas Cor Branco Desenho Do Tecido Pelo Alto;;;;https://http2.mlstatic.com/D_NQ_NP_753255-MLA95501946854_102025-F.jpg
MLB1574;Casa, Móveis e Decoração;10;PRODUCT;MLB19590092;Ducha Eletrônica Lorenzetti Loren Shower Ultra 7500W 220V Branco;;;;https://http2.mlstatic.com/D_NQ_NP_638677-MLA118516851287_092026-F.jpg
MLB1574;Casa, Móveis e Decoração;11;PRODUCT;MLB34506613;Mangueira De Jardim 50m Metros Com Esguicho Trançada Reforçada Flexível 7/16 Anti Dobra Irrigação Quintal Poço Lavagem Durável Marqs Home;;;;https://http2.mlstatic.com/D_NQ_NP_922054-MLA109736714470_042026-F.jpg
MLB1574;Casa, Móveis e Decoração;12;PRODUCT;MLB17001015;Sabão Líquido Omo Lavagem Perfeita 3l;;;;https://http2.mlstatic.com/D_NQ_NP_652994-MLA84838922409_052025-F.jpg
MLB1574;Casa, Móveis e Decoração;13;PRODUCT;MLB29473724;Cortina 4,00x2,80 Metros Blackout Blecaute Preto Corta Luz Em Tecido Grosso Para Quarto E Sala Texfine;;;;https://http2.mlstatic.com/D_NQ_NP_664695-MLA96099594865_102025-F.jpg
MLB1574;Casa, Móveis e Decoração;14;ITEM;MLB4512452222;;;;;
MLB1574;Casa, Móveis e Decoração;15;ITEM;MLB4039471005;;;;;
MLB1574;Casa, Móveis e Decoração;16;PRODUCT;MLB53222689;Kit 10 Potes Herméticos Vidro 640ml Starhouse Marmita Forno Micro-ondas Airfryer com 4 travas de super vedação;;;;https://http2.mlstatic.com/D_NQ_NP_942823-MLA113526261849_062026-F.jpg
MLB1574;Casa, Móveis e Decoração;17;ITEM;MLB3965059663;;;;;
MLB1574;Casa, Móveis e Decoração;18;PRODUCT;MLB43797034;Jogo Lençol Casal 3pç 400 Fios Hipercal Conforto Macio Cor Bordô Desenho do tecido Liso;;;;https://http2.mlstatic.com/D_NQ_NP_806699-MLA115531445909_082026-F.jpg
MLB1574;Casa, Móveis e Decoração;19;PRODUCT;MLB19976500;Panela De Pressão Panelux Alumínio Polido 7 Litros Cor Cinza;;;;https://http2.mlstatic.com/D_NQ_NP_844741-MLA100054735233_122025-F.jpg
MLB1574;Casa, Móveis e Decoração;20;PRODUCT;MLB42818400;Papel Toalha Absoluto Multiuso 360 Folhas Com 3 Unidades;;;;https://http2.mlstatic.com/D_NQ_NP_885111-MLA115673151555_082026-F.jpg
MLB1051;Celulares e Telefones;1;PRODUCT;MLB54982411;Celular Samsung Galaxy A17 Com Ia, 256gb, 8gb Ram, Câm De 50mp, Tela De 6.7 , Nfc, Ip54 - Azul;;;;https://http2.mlstatic.com/D_NQ_NP_889169-MLA96868779849_102025-F.jpg
MLB1051;Celulares e Telefones;2;PRODUCT;MLB55762063;Smartphone Motorola Moto G06 - 256gb 4gb Ram + 8gb Ram Boost, e Camera 50mp Com Ai Bateria De 5200 Mah Tela 6.9 - Bege;;;;https://http2.mlstatic.com/D_NQ_NP_793349-MLA91806774304_092025-F.jpg
MLB1051;Celulares e Telefones;3;PRODUCT;MLB54961556;"Smartphone Samsung Galaxy A07 4G 256GB 8GB Preto 6,7""";;;;https://http2.mlstatic.com/D_NQ_NP_895724-MLA91526198522_092025-F.jpg
MLB1051;Celulares e Telefones;4;PRODUCT;MLB63364148;Smartphone Galaxy A17 Câmera Tripla 256 Gb 4g A175 Samsung Azul;;;;https://http2.mlstatic.com/D_NQ_NP_604348-MLA105252388263_012026-F.jpg
MLB1051;Celulares e Telefones;5;PRODUCT;MLB47889235;Carregador Super Rápido 25w Para Samsung Galaxy S24 S23 S22 S21 S20 Fe Ultra Motorola M22 M31 M32 M62 M63 M64 G15 Xiaomi Redmi Note 12 13 14 15 LG - Super Fast Cabo Blindado Tipo Usb C -Dtimp;;;;https://http2.mlstatic.com/D_NQ_NP_923598-MLA113044313715_062026-F.jpg
MLB1051;Celulares e Telefones;6;PRODUCT;MLB65041642;Smartphone Motorola Moto G17 4g - 128gb 4gb Ram + 8gb Ram Boost, Camera 50mp Sony Lytia 600, Tela Fhd+ 60hz, Bateria 5200 Mah - Azul;;;;https://http2.mlstatic.com/D_NQ_NP_773592-MLA105493148200_012026-F.jpg
MLB1051;Celulares e Telefones;7;PRODUCT;MLB47814270;Carregador 30w Turbo Para iPhone 8 X Xr 11 12 13 14 Pro Max Fonte Usb C Cor Branca Dtimp;;;;https://http2.mlstatic.com/D_NQ_NP_826850-MLA116465697992_092026-F.jpg
MLB1051;Celulares e Telefones;8;PRODUCT;MLB67410010;Celular Samsung Galaxy A57 5G 128GB, 8GB RAM, Recursos AI;;;;https://http2.mlstatic.com/D_NQ_NP_759289-MLA112991671232_072026-F.jpg
MLB1051;Celulares e Telefones;9;PRODUCT;MLB25263382;Fone De Ouvido Bluetooth Bateria de Longa Duração Pro 4 Branco Conecta Rápido Fast Plug Com Case Carregador E Microfone;;;;https://http2.mlstatic.com/D_NQ_NP_846832-MLA115693573446_092026-F.jpg
MLB1051;Celulares e Telefones;10;PRODUCT;MLB1019713876;Carregador Fonte Usb-c 20w Compativel com iPhone Tipo-c Turbo Adaptador Branco - Distribuidor Autorizado;;;;https://http2.mlstatic.com/D_NQ_NP_922337-MLA117833547829_092026-F.jpg
MLB1051;Celulares e Telefones;11;PRODUCT;MLB41540844;"Smartphone Motorola Moto g35 5G - 128GB 4GB RAM+8GB Ram Boost, e Camera 50MP com AI NFC Tela 6.7"" com Superbrilho - Grafite";;;;https://http2.mlstatic.com/D_NQ_NP_652780-MLA97095974098_112025-F.jpg
MLB1051;Celulares e Telefones;12;PRODUCT;MLB50592250;Power Bank Basike 20000mAh Preto, Carga Rápida 22.5W para iPhone e Samsung, Com Cabos Embutidos e Display;;;;https://http2.mlstatic.com/D_NQ_NP_719636-MLA99381510294_112025-F.jpg
MLB1051;Celulares e Telefones;13;PRODUCT;MLB47106610;Smartphone Samsung Galaxy A36 5G 256GB 8GB Super Amoled 6.7'' Câmera Tripla 50MP Selfie 12MP 5000 mAh Ip67 NFC Dual Sim Recursos IA - Branco;;;;https://http2.mlstatic.com/D_NQ_NP_697102-MLA99477666220_112025-F.jpg
MLB1051;Celulares e Telefones;14;PRODUCT;MLB38176139;Fone de Ouvido Bluetooth 5.4 soundcore P30i da Anker, Cancelamento de Ruído Adaptativo, Graves Poderosos, 45H de Reprodução, Estojo 2-em-1 com Suporte para Celular, IP54, Fone sem fio TWS, Preto;;;;https://http2.mlstatic.com/D_NQ_NP_760745-MLA95700724020_102025-F.jpg
MLB1051;Celulares e Telefones;15;USER_PRODUCT;MLBU4195394312;;;;;
MLB1051;Celulares e Telefones;16;PRODUCT;MLB39962085;Fone De Ouvido Sem Fio Xiaomi Redmi Buds 6 Play Preto;;;;https://http2.mlstatic.com/D_NQ_NP_715678-MLU78765136521_082024-F.jpg
MLB1051;Celulares e Telefones;17;USER_PRODUCT;MLBU3452889261;;;;;
MLB1051;Celulares e Telefones;18;PRODUCT;MLB70514530;Carregador Portátil Power Bank 20.000mah Turbo Celular Carga Rápida 22.5w Premium Display Visor Grande Universal Usb-c Viagens Festa Para los E Android iPhone Samsung Motorola Xiaomi Branco Nixzen;;;;https://http2.mlstatic.com/D_NQ_NP_918189-MLA113906382815_062026-F.jpg
MLB1051;Celulares e Telefones;19;PRODUCT;MLB58519492;Fone Ouvido Bluetooth 5.4 Sem Fio Estojo De Carregamento Anti Ruido A Prova Dagua Compatível Com Ios Samsung Galaxy Android Tws Wireless Air Premium Microfone Touch Marca Pro Phone See;;;;https://http2.mlstatic.com/D_NQ_NP_646535-MLA113987983224_072026-F.jpg
MLB1051;Celulares e Telefones;20;PRODUCT;MLB70109633;Cartão De Memória 128 Gb Micro Sd Classe 10 Ultra 100mb/s, Para Drones, Celulares, Câmeras Wi-fi, Com Adaptador Sd;;;;https://http2.mlstatic.com/D_NQ_NP_878737-MLA114740264494_082026-F.jpg
MLB1500;Construção;1;PRODUCT;MLB19590092;Ducha Eletrônica Lorenzetti Loren Shower Ultra 7500W 220V Branco;;;;https://http2.mlstatic.com/D_NQ_NP_638677-MLA118516851287_092026-F.jpg
MLB1500;Construção;2;PRODUCT;MLB48482467;Régua Extensão Elétrica 6 Tomadas Filtro Linha 10a Cabo 2 Metros;;;;https://http2.mlstatic.com/D_NQ_NP_859190-MLA100084628639_122025-F.jpg
MLB1500;Construção;3;PRODUCT;MLB24656724;3 Mantas Asfáltica Aluminizada Telhado Auto Adesiva 45cmx10m;;;;https://http2.mlstatic.com/D_NQ_NP_776678-MLA95631255988_102025-F.jpg
MLB1500;Construção;4;ITEM;MLB6087570264;;;;;
MLB1500;Construção;5;PRODUCT;MLB50875094;Extensão Elétrica 2 Metros com 3 Tomadas Bivolt Preta Parosflux;;;;https://http2.mlstatic.com/D_NQ_NP_728010-MLA117810445453_092026-F.jpg
MLB1500;Construção;6;PRODUCT;MLB39961700;Spray Vedatudo Vazamentos De Agua Reparo Telha Laje Calha Transparente 400ml;;;;https://http2.mlstatic.com/D_NQ_NP_953582-MLA118557817213_102026-F.jpg
MLB1500;Construção;7;PRODUCT;MLB57652230;Auto Transformador 1500va 110v P/ 220v 220v P/ 110v Conversor Energia Max Amper;;;;https://http2.mlstatic.com/D_NQ_NP_709179-MLA108574691835_032026-F.jpg
MLB1500;Construção;8;PRODUCT;MLB56252142;Adaptador Tomada Para Viagem Internacional;;;;https://http2.mlstatic.com/D_NQ_NP_903795-MLA92513891775_092025-F.jpg
MLB1500;Construção;9;PRODUCT;MLB68929894;Extensão Elétrica 30 Metros Reforçada 3 Tomadas Cabo Resistente 10a 20a Bivolt Uso Profissional Residencial Obra Alta Durabilidade;;;;https://http2.mlstatic.com/D_NQ_NP_977428-MLA110165892658_042026-F.jpg
MLB1500;Construção;10;PRODUCT;MLB66806360;Cabo Flexível 1,5 Mm² Illuminix Rolo Com 100 Metros 750v Preto;;;;https://http2.mlstatic.com/D_NQ_NP_977560-MLA109029188291_032026-F.jpg
MLB1500;Construção;11;PRODUCT;MLB78740322;Filtro de Linha para 6 Tomadas com 2 USB e Proteção Contra Sobrecarga, Cabo de 2 Metros e 10A;;;;https://http2.mlstatic.com/D_NQ_NP_723321-MLA115550156894_082026-F.jpg
MLB1500;Construção;12;PRODUCT;MLB57344280;Tinta Eucatex Extra Piso Premium 18 Acabamento Fosco Cor Cinza | Lata 18 Litros;;;;https://http2.mlstatic.com/D_NQ_NP_645503-MLA93070844297_092025-F.jpg
MLB1500;Construção;13;PRODUCT;MLB27915441;Manta Líquida Emborrachada Impermeabilizante 3,6kg;;;;https://http2.mlstatic.com/D_NQ_NP_617601-MLA97012438664_112025-F.jpg
MLB1500;Construção;14;PRODUCT;MLB37943617;Chuveiro Elétrico Fame Intense Eletrônico Luxo White Potente Cor Branco Potência 5400 W;;;;https://http2.mlstatic.com/D_NQ_NP_827922-MLA98777542521_112025-F.jpg
MLB1500;Construção;15;PRODUCT;MLB64859320;Torneira Gourmet Cozinha Pia Flexível Móvel 2 Jatos Parede Cor Preto;;;;https://http2.mlstatic.com/D_NQ_NP_912949-MLA105016668372_012026-F.jpg
MLB1500;Construção;16;USER_PRODUCT;MLBU3971376376;;;;;
MLB1500;Construção;17;PRODUCT;MLB19576802;Escada de Alumínio Mor com 7 Degraus e Trava de Segurança para 120 Kg;;;;https://http2.mlstatic.com/D_NQ_NP_616684-MLA74224870963_012024-F.jpg
MLB1500;Construção;18;PRODUCT;MLB59099596;Extensão Elétrica 5 Metros Preta Filtro De Linha 3 Tomadas Energia Bivolt Tripolar Compacta Bestcon;;;;https://http2.mlstatic.com/D_NQ_NP_919101-MLA115787824327_082026-F.jpg
MLB1500;Construção;19;PRODUCT;MLB24721661;Manta Asfáltica Auto Adesiva Aluminizada - 45cm X 10m;;;;https://http2.mlstatic.com/D_NQ_NP_977947-MLA99473789960_112025-F.jpg
MLB1500;Construção;20;PRODUCT;MLB24829321;Kit 10 Fita isolante 3M cor preto 10m x 18mm;;;;https://http2.mlstatic.com/D_NQ_NP_853039-MLA99600851044_122025-F.jpg
MLB5726;Eletrodomésticos;1;PRODUCT;MLB13409956;Chaleira Eletrica Atacama 1,8l - Unitermi;;;;https://http2.mlstatic.com/D_NQ_NP_965103-MLA99575749404_122025-F.jpg
MLB5726;Eletrodomésticos;2;PRODUCT;MLB27080589;Kit 2 Refil De Água Acqua Pure Electrolux Pe12a Pe12b Pe12g PC01X, Cor Marrom-claro;;;;https://http2.mlstatic.com/D_NQ_NP_764049-MLA114244626520_082026-F.jpg
MLB5726;Eletrodomésticos;3;PRODUCT;MLB18932156;Ventilador de Mesa 30cm Super Power Mondial 60W VSP-30-B;;;;https://http2.mlstatic.com/D_NQ_NP_620576-MLA99958768953_112025-F.jpg
MLB5726;Eletrodomésticos;4;PRODUCT;MLB15578948;Liquidificador Turbo Power Mondial 550W - L-99 FB;;;;https://http2.mlstatic.com/D_NQ_NP_744049-MLA99539379058_122025-F.jpg
MLB5726;Eletrodomésticos;5;PRODUCT;MLB25363151;Aspirador Britânia 1250w 1l Bas1295p Preto Britânia Bas1295p 1 L;;;;https://http2.mlstatic.com/D_NQ_NP_697821-MLA100079435211_122025-F.jpg
MLB5726;Eletrodomésticos;6;PRODUCT;MLB25741527;Sanduicheira Elétrica Cadence SAN400 Preta;;;;https://http2.mlstatic.com/D_NQ_NP_633183-MLA99468751756_112025-F.jpg
MLB5726;Eletrodomésticos;7;PRODUCT;MLB16602518;Liquidificador Oster OLIQ610 1400w Full 3,2L Cor Preto;;;;https://http2.mlstatic.com/D_NQ_NP_864038-MLA100027785333_122025-F.jpg
MLB5726;Eletrodomésticos;8;PRODUCT;MLB24922887;Kit 5 Lampada Led 40w Bulbo 6500k Branco Frio Alta Potência Bivolt 110v 220v Goodlux;;;;https://http2.mlstatic.com/D_NQ_NP_724055-MLA107520541221_022026-F.jpg
MLB5726;Eletrodomésticos;9;PRODUCT;MLB18238727;Aspirador de Pó Vertical Electrolux 1450W STK15 com Fio Portátil de Mão 2 em 1 e 1,6 Litros de capacidade com Filtro Hepa Cinza-escuro;;;;https://http2.mlstatic.com/D_NQ_NP_738236-MLA116379124521_082026-F.jpg
MLB5726;Eletrodomésticos;10;PRODUCT;MLB65113053;Chaleira Jarra Elétrica 1,8L Litros Em Inox Desligamento Automático Aquecimento Rápido Segura Café Chá Fácil Abertura Tampa Alça Ergométrica;;;;https://http2.mlstatic.com/D_NQ_NP_877555-MLA114973407743_072026-F.jpg
MLB5726;Eletrodomésticos;11;PRODUCT;MLB27078749;Refil Filtro Cix06ax Purificador De Água Consul Cpc30af, Cpc30ab, Cpb35ab, Cpb35af, Cpb36af, Cpb36ab, Cpb34ab, Cpb34af, Cpb34as, Cpc31ab, Cpc31af , Original;;;;https://http2.mlstatic.com/D_NQ_NP_879703-MLA99536118600_122025-F.jpg
MLB5726;Eletrodomésticos;12;PRODUCT;MLB18927373;Cafeteira elétrica Electrolux inox filtro permanente removivel corta pingos capacidade 600ml 15 xicaras função manter aquecido sistema ECM10;;;;https://http2.mlstatic.com/D_NQ_NP_923263-MLA99474168604_112025-F.jpg
MLB5726;Eletrodomésticos;13;PRODUCT;MLB20306137;Mixer Elétrico Portátil 2 em 1 Recarregável Potente Misturador de Bebidas e Ovos 3 Velocidades Usb Batedor e Fue Fouet Woosh;;;;https://http2.mlstatic.com/D_NQ_NP_619021-MLA118179806341_092026-F.jpg
MLB5726;Eletrodomésticos;14;PRODUCT;MLB21672188;Aspirador Pó E Água Soprador Wap Gtw 10 Maré 1400w Cor Cinza;;;;https://http2.mlstatic.com/D_NQ_NP_627568-MLA108247612641_032026-F.jpg
MLB5726;Eletrodomésticos;15;PRODUCT;MLB75466404;Chaleira Elétrica Inox 1,8 Litros Jarra Aquecedora Com Desligamento Automático e Base Giratória Aquecimento Rápido Alça Ergonômica Para Escritório Casa Cozinha Viagem Fervedor De Água Moderno;;;;https://http2.mlstatic.com/D_NQ_NP_950533-MLA115732440651_082026-F.jpg
MLB5726;Eletrodomésticos;16;PRODUCT;MLB50376945;Fritadeira Elétrica Air Fryer Quad Fry Elgin 4,2 L, 1400w;;;;https://http2.mlstatic.com/D_NQ_NP_927559-MLA99450788218_112025-F.jpg
MLB5726;Eletrodomésticos;17;PRODUCT;MLB69345065;Micro-ondas Consul 23 Litros Função Marmita - CMS23A;;;;https://http2.mlstatic.com/D_NQ_NP_894054-MLA110468601326_052026-F.jpg
MLB5726;Eletrodomésticos;18;PRODUCT;MLB77835608;Cozedor De Ovos Automático Panela A Vapor Elétrica Legumes Elétrica Portátil Prático Rápido 7 Ovos Em 5min Micgeek;;;;https://http2.mlstatic.com/D_NQ_NP_873330-MLA115104920512_082026-F.jpg
MLB5726;Eletrodomésticos;19;PRODUCT;MLB37955040;Marmita Elétrica Preta Bivolt Portátil Doméstica 110/220v Veicular 12/24v Lancheira 1.5l Com Divisórias Esquenta Rápido Refeições Práticas Trabalho Casa Carro Caminhão Viagem Faculdade Woosh;;;;https://http2.mlstatic.com/D_NQ_NP_917183-MLA117415852481_092026-F.jpg
MLB5726;Eletrodomésticos;20;PRODUCT;MLB79316361;Cozedor de Ovos Eletrico Aparelho de cozimento a vapor EPS-1258 Epsilon Portátil Cor Preto;;;;https://http2.mlstatic.com/D_NQ_NP_648167-MLA116162133154_092026-F.jpg
MLB1000;Eletrônicos, Áudio e Vídeo;1;PRODUCT;MLB40656539;Starlink MINI Internet Via Satélite;;;;https://http2.mlstatic.com/D_NQ_NP_799612-MLA95359719699_102025-F.jpg
MLB1000;Eletrônicos, Áudio e Vídeo;2;PRODUCT;MLB45862017;"Suporte TV Fixo Universal 10"" a 100"" Polegadas Forte Para Todas as Marcas";;;;https://http2.mlstatic.com/D_NQ_NP_854028-MLA117416860537_092026-F.jpg
MLB1000;Eletrônicos, Áudio e Vídeo;3;PRODUCT;MLB19795010;Amazon Echo Dot 5ª Geração Com Alexa E Som Inteligente;;;;https://http2.mlstatic.com/D_NQ_NP_814549-MLA118334012041_092026-F.jpg
MLB1000;Eletrônicos, Áudio e Vídeo;4;PRODUCT;MLB15029805;Pilha Alcalina Aa Pequena Duracell Com 4 Unidades;;;;https://http2.mlstatic.com/D_NQ_NP_618199-MLA99931162411_112025-F.jpg
MLB1000;Eletrônicos, Áudio e Vídeo;5;USER_PRODUCT;MLBU767944712;;;;;
MLB1000;Eletrônicos, Áudio e Vídeo;6;PRODUCT;MLB25263382;Fone De Ouvido Bluetooth Bateria de Longa Duração Pro 4 Branco Conecta Rápido Fast Plug Com Case Carregador E Microfone;;;;https://http2.mlstatic.com/D_NQ_NP_846832-MLA115693573446_092026-F.jpg
MLB1000;Eletrônicos, Áudio e Vídeo;7;PRODUCT;MLB24117280;Fone De Ouvido Headphone Dapon H02D Bluetooth 5.1 Over-ear 22h Preto;;;;https://http2.mlstatic.com/D_NQ_NP_673950-MLA99394598783_112025-F.jpg
MLB1000;Eletrônicos, Áudio e Vídeo;8;PRODUCT;MLB66140783;Tv Stick 4k Android Chromecast Smart Hdmi Wifi Ao Vivo Preto Padrão;;;;https://http2.mlstatic.com/D_NQ_NP_928830-MLA115777838275_082026-F.jpg
MLB1000;Eletrônicos, Áudio e Vídeo;9;PRODUCT;MLB38176139;Fone de Ouvido Bluetooth 5.4 soundcore P30i da Anker, Cancelamento de Ruído Adaptativo, Graves Poderosos, 45H de Reprodução, Estojo 2-em-1 com Suporte para Celular, IP54, Fone sem fio TWS, Preto;;;;https://http2.mlstatic.com/D_NQ_NP_760745-MLA95700724020_102025-F.jpg
MLB1000;Eletrônicos, Áudio e Vídeo;10;PRODUCT;MLB39962085;Fone De Ouvido Sem Fio Xiaomi Redmi Buds 6 Play Preto;;;;https://http2.mlstatic.com/D_NQ_NP_715678-MLU78765136521_082024-F.jpg
MLB1000;Eletrônicos, Áudio e Vídeo;11;USER_PRODUCT;MLBU3730930045;;;;;
MLB1000;Eletrônicos, Áudio e Vídeo;12;PRODUCT;MLB19938121;Fone Sem Fio Lenovo Gm2 Pro 5.3 Bluetooth - Touch - Gamer Preto Luz Azul;;;;https://http2.mlstatic.com/D_NQ_NP_896426-MLA118354508175_092026-F.jpg
MLB1000;Eletrônicos, Áudio e Vídeo;13;USER_PRODUCT;MLBU3307796376;;;;;
MLB1000;Eletrônicos, Áudio e Vídeo;14;USER_PRODUCT;MLBU1727357011;;;;;
MLB1000;Eletrônicos, Áudio e Vídeo;15;PRODUCT;MLB65541449;Fone de Ouvido JBL Tune 530BT Bluetooth Sem Fio Preto Headphone com Microfone Wireless Estéreo Graves Potentes Confortável;;;;https://http2.mlstatic.com/D_NQ_NP_608030-MLA106478715282_022026-F.jpg
MLB1000;Eletrônicos, Áudio e Vídeo;16;PRODUCT;MLB24028629;Fone De Ouvido Soundcore by Anker P20i Graves Poderosos e Impactantes Bluetooth 5.3 30H de Reprodução Resistência à Água 2 Mics IA para Chamadas Claras Personalização de Som via App Cor Preto;;;;https://http2.mlstatic.com/D_NQ_NP_730568-MLA99983575997_112025-F.jpg
MLB1000;Eletrônicos, Áudio e Vídeo;17;PRODUCT;MLB52039200;Samsung Galaxy Buds Core branco;;;;https://http2.mlstatic.com/D_NQ_NP_967872-MLA87279987383_072025-F.jpg
MLB1000;Eletrônicos, Áudio e Vídeo;18;PRODUCT;MLB65564965;Suporte Tv Articulado Artflex Móvel Universal 32 Á 55 Polegadas Até 50kg Tv/lcd/ Led Painel E Parede;;;;https://http2.mlstatic.com/D_NQ_NP_942615-MLA107186916189_022026-F.jpg
MLB1000;Eletrônicos, Áudio e Vídeo;19;PRODUCT;MLB50177920;Controle Remoto Para TV Samsung Smart 4k;;;;https://http2.mlstatic.com/D_NQ_NP_987149-MLA111367270458_052026-F.jpg
MLB1000;Eletrônicos, Áudio e Vídeo;20;PRODUCT;MLB66055148;Smart Tv 32 Philco Roku Tv Dolby Áudio Hdr10 P32crb;;;;https://http2.mlstatic.com/D_NQ_NP_875689-MLA107805437119_022026-F.jpg
MLB1276;Esportes e Fitness;1;PRODUCT;MLB19603205;Creatina Growth Supplements Monohidratada em pó Sem sabor x 250g;;;;https://http2.mlstatic.com/D_NQ_NP_662415-MLA97812910758_112025-F.jpg
MLB1276;Esportes e Fitness;2;PRODUCT;MLB18725308;Creatina Soldiers Nutrition em pó Sem sabor x 500g;;;;https://http2.mlstatic.com/D_NQ_NP_858065-MLA112585347120_062026-F.jpg
MLB1276;Esportes e Fitness;3;PRODUCT;MLB6087971;Proteína Max Titanium Whey Pro Concetrado em pó sabor Morango x 1kg;;;;https://http2.mlstatic.com/D_NQ_NP_608162-MLA112813208483_062026-F.jpg
MLB1276;Esportes e Fitness;4;PRODUCT;MLB18723720;Whey Grego Bar (caixa 12 Unidades) - Nutrata Barra Proteina Sabor Bolo de festa;;;;https://http2.mlstatic.com/D_NQ_NP_840579-MLA92604767971_092025-F.jpg
MLB1276;Esportes e Fitness;5;PRODUCT;MLB19140415;Suplemento Whey Isolate Protein Fuse 1,8kg sabor Morango Dark Lab;;;;https://http2.mlstatic.com/D_NQ_NP_989007-MLA99405715766_112025-F.jpg
MLB1276;Esportes e Fitness;6;PRODUCT;MLB18725403;Proteína Growth Supplements Basic Whey em pó sabor Chocolate x 1kg;;;;https://http2.mlstatic.com/D_NQ_NP_819000-MLA101180020755_122025-F.jpg
MLB1276;Esportes e Fitness;7;PRODUCT;MLB39230611;Creatina Integralmédica sem sabor pacote x 2 frascos de 300g;;;;https://http2.mlstatic.com/D_NQ_NP_951997-MLA99985874825_112025-F.jpg
MLB1276;Esportes e Fitness;8;PRODUCT;MLB19592776;Proteína Adaptogen Science Tasty Whey Gourmet em pó sabor Doce de leite x 900g;;;;https://http2.mlstatic.com/D_NQ_NP_738007-MLA97316893807_112025-F.jpg
MLB1276;Esportes e Fitness;9;PRODUCT;MLB19698479;Creatina Dux Nutrition em pó Sem sabor x 300g;;;;https://http2.mlstatic.com/D_NQ_NP_694098-MLA116309984034_092026-F.jpg
MLB1276;Esportes e Fitness;10;PRODUCT;MLB18630341;Creatina 100g Creatina Monohidratada Max Titanium Sem Sabor Alta Pureza;;;;https://http2.mlstatic.com/D_NQ_NP_697835-MLA117269994412_102026-F.jpg
MLB1276;Esportes e Fitness;11;PRODUCT;MLB35959035;Mineral/Vitamina Bodyaction Nutri Science Magnésio E Inositol Taurina Melatonina 210g em pó sabor Maracujá x 210g;;;;https://http2.mlstatic.com/D_NQ_NP_653067-MLA110738695437_042026-F.jpg
MLB1276;Esportes e Fitness;12;PRODUCT;MLB18953093;Whey Protein Growth Concentrado 1kg – Sabor Baunilha;;;;https://http2.mlstatic.com/D_NQ_NP_824274-MLA98770399871_112025-F.jpg
MLB1276;Esportes e Fitness;13;PRODUCT;MLB12406685;Anabolic Mass 28500 3kg Profit Labs Sabor Chocolate;;;;https://http2.mlstatic.com/D_NQ_NP_616506-MLA110075703952_042026-F.jpg
MLB1276;Esportes e Fitness;14;PRODUCT;MLB19549827;Proteína Black Skull Whey 100% HD em pó sabor Baunilha x 900g;;;;https://http2.mlstatic.com/D_NQ_NP_910268-MLA116308143272_092026-F.jpg
MLB1276;Esportes e Fitness;15;PRODUCT;MLB18722625;Proteína Darkness Carnibol Beef em pó sabor Chocolate x 1.8kg;;;;https://http2.mlstatic.com/D_NQ_NP_775815-MLA99993472513_112025-F.jpg
MLB1276;Esportes e Fitness;16;PRODUCT;MLB19548535;Super Whey Protein Refil 900g Max Titanium Sabor Morango;;;;https://http2.mlstatic.com/D_NQ_NP_813467-MLA112393792119_052026-F.jpg
MLB1276;Esportes e Fitness;17;PRODUCT;MLB61994227;Copo Térmico Gigante 1,2l Inox Com Tampa E Inox Canudo Cor Branco Cor Pura / Material Fosco;;;;https://http2.mlstatic.com/D_NQ_NP_763470-MLA115323351322_082026-F.jpg
MLB1276;Esportes e Fitness;18;PRODUCT;MLB19533185;Creatina Integralmedica 100% Pura 60 Cápsulas - Aumento de Resistência e Desempenho para Atletas e Treinos Intensos;;;;https://http2.mlstatic.com/D_NQ_NP_782298-MLA100076194863_122025-F.jpg
MLB1276;Esportes e Fitness;19;PRODUCT;MLB51205377;Creatina (250g) Creapure - G.supplements Sabor Sem Sabor;;;;https://http2.mlstatic.com/D_NQ_NP_685533-MLA117659667681_092026-F.jpg
MLB1276;Esportes e Fitness;20;PRODUCT;MLB19772622;Suplemento Alimentar Whey Fort 3W Sabor Frutas Vermelhas 900g Vitafor;;;;https://http2.mlstatic.com/D_NQ_NP_900386-MLU75143558182_032024-F.jpg
MLB263532;Ferramentas;1;PRODUCT;MLB30144703;Parafusadeira Furadeira De Impacto The Black Tools Profissional TB-21PX 2 Baterias Com Maleta 60Hz Amarelo;;;;https://http2.mlstatic.com/D_NQ_NP_981459-MLA117136184907_092026-F.jpg
MLB263532;Ferramentas;2;USER_PRODUCT;MLBU605239077;;;;;
MLB263532;Ferramentas;3;PRODUCT;MLB24656724;3 Mantas Asfáltica Aluminizada Telhado Auto Adesiva 45cmx10m;;;;https://http2.mlstatic.com/D_NQ_NP_776678-MLA95631255988_102025-F.jpg
MLB263532;Ferramentas;4;USER_PRODUCT;MLBU3584842699;;;;;
MLB263532;Ferramentas;5;PRODUCT;MLB69649128;Mini Ventilador Soprador Ar Potente Turbo 130000rpm Assoprador Elétrico Sem Fio Recarregável USB-C 3 Níveis Jato Forte Portátil Multiuso Limpeza Teclado Carro Acende Churrasqueira Davely;;;;https://http2.mlstatic.com/D_NQ_NP_862588-MLA117210880794_102026-F.jpg
MLB263532;Ferramentas;6;PRODUCT;MLB24076624;Parafusadeira Furadeira The Black Tools TB12A 3/8 a Bateria Cor Amarelo Frequência 60Hz;;;;https://http2.mlstatic.com/D_NQ_NP_648315-MLA113252989356_072026-F.jpg
MLB263532;Ferramentas;7;PRODUCT;MLB62721920;Maçarico Profissional Universal Multiuso Gourmet Portátil Com Regulagem De Chamas Kit Completo Com 3 Refil Para Chef De Cozinha Confeiteiro Flambar Solda Marca - Liderança Ferro E Aço;;;;https://http2.mlstatic.com/D_NQ_NP_864585-MLA117166818202_102026-F.jpg
MLB263532;Ferramentas;8;PRODUCT;MLB79915624;Kit Ferramentas 46 Peças Jogo Chaves Catraca Soquetes Allen Torx Fenda Phillips Maleta Completa Manual Mecânico Manutenção Casa Carro Oficina Profissional ajustes e reparos diversos montagens Quicko;;;;https://http2.mlstatic.com/D_NQ_NP_636676-MLA116721406480_092026-F.jpg
MLB263532;Ferramentas;9;PRODUCT;MLB64896669;Parafusadeira Furadeira Impacto Sem Fio 2 Baterias Recarregável 48v Bivolt Velocidade Ajustavel Com Travas Mandril Resistente Woosh;;;;https://http2.mlstatic.com/D_NQ_NP_956285-MLA115392782062_082026-F.jpg
MLB263532;Ferramentas;10;USER_PRODUCT;MLBU3813950853;;;;;
MLB263532;Ferramentas;11;PRODUCT;MLB24912446;Piscina Estrutural Portátil MOR 1000 Litros Montagem Rápida Infantil e Adulto Resistência Garantida;;;;https://http2.mlstatic.com/D_NQ_NP_975533-MLA95942516663_102025-F.jpg
MLB263532;Ferramentas;12;PRODUCT;MLB79094453;Kit Ferramentas 46 Peças Com Soquetes e Chaves Para Carro e Casa Hardline Vermelho;;;;https://http2.mlstatic.com/D_NQ_NP_781823-MLA118017734715_092026-F.jpg
MLB263532;Ferramentas;13;PRODUCT;MLB24669291;Kit Eletrica Chave Teste Digital + Caneta Detectora Tensão 1;;;;https://http2.mlstatic.com/D_NQ_NP_925244-MLA102644904043_122025-F.jpg
MLB263532;Ferramentas;14;PRODUCT;MLB69969004;Snow Foam Pulverizador Manual Borrifador Alta Pressão 2 Litros Com 2 Bicos Espuma Automotivo Lavagem Carro Moto Limpeza Jardim;;;;https://http2.mlstatic.com/D_NQ_NP_780824-MLA113048465355_062026-F.jpg
MLB263532;Ferramentas;15;PRODUCT;MLB19802405;2Serra Mármore 110mm 1300W Com 2 Discos 4100NH3ZX2 Makita Profissional;;;;https://http2.mlstatic.com/D_NQ_NP_707426-MLU72340464209_102023-F.jpg
MLB263532;Ferramentas;16;PRODUCT;MLB73418954;Soprador De Ar Turbo Automotivo Limpeza Profunda Portatil Sem Fio Multifuncional Churrasqueira Janelas Poeiras Landara;;;;https://http2.mlstatic.com/D_NQ_NP_820603-MLA118116999023_092026-F.jpg
MLB263532;Ferramentas;17;PRODUCT;MLB18607536;Ventilador Parede 50cm 6Pás Monta Fácil Preto Ventisol;;;;https://http2.mlstatic.com/D_NQ_NP_719817-MLA113216396562_072026-F.jpg
MLB263532;Ferramentas;18;PRODUCT;MLB23873203;Estilete largo, lâmina de 18 mm, ES 218, VONDER;;;;https://http2.mlstatic.com/D_NQ_NP_935448-MLA116842476942_092026-F.jpg
MLB263532;Ferramentas;19;PRODUCT;MLB75627492;Soprador de Ar Portátil Woosh Recarregável, Para Limpeza e Acender Churrasqueira;;;;https://http2.mlstatic.com/D_NQ_NP_917115-MLA116367752196_092026-F.jpg
MLB263532;Ferramentas;20;PRODUCT;MLB55824605;Pistola Fixação Finca Pino Ação Direta Pregos Epi Maleta Pinador Pregador Grampeador Rebitador De Prego Pressão Manual Ferramenta Para Drywal Gesso Concreto Aço Parede Forro PVC Grampo Smarter Tools;;;;https://http2.mlstatic.com/D_NQ_NP_926154-MLA99583620794_122025-F.jpg
MLB12404;Festas e Lembrancinhas;1;PRODUCT;MLB35092029;Jogo Talheres Faqueiro Búzios Aço Inox 24 Peças Tramontina;;;;https://http2.mlstatic.com/D_NQ_NP_885228-MLA105354697197_012026-F.jpg
MLB12404;Festas e Lembrancinhas;2;PRODUCT;MLB25125996;Electrolux Kit 3 Bowls Tigelas de Aço Inox com Tampa Plástica, 1,4L, 2L e 2,6L;;;;https://http2.mlstatic.com/D_NQ_NP_789898-MLA115997479882_092026-F.jpg
MLB12404;Festas e Lembrancinhas;3;PRODUCT;MLB22666471;Kit 24 Copos Long Drink Vidro 300ml FMsp Oca Nadir Figueiredo;;;;https://http2.mlstatic.com/D_NQ_NP_624896-MLA93335691056_092025-F.jpg
MLB12404;Festas e Lembrancinhas;4;PRODUCT;MLB27212611;Malibu Rolo De Tnt 40g 50 Metros 1.40 De Largura Cor Preto;;;;https://http2.mlstatic.com/D_NQ_NP_967652-MLA96101815039_102025-F.jpg
MLB12404;Festas e Lembrancinhas;5;USER_PRODUCT;MLBU3363364505;;;;;
MLB12404;Festas e Lembrancinhas;6;USER_PRODUCT;MLBU746084054;;;;;
MLB12404;Festas e Lembrancinhas;7;PRODUCT;MLB22500854;5 Unidades Balão Bubble 24 Polegadas 60cm Transparente Top! Liso;;;;https://http2.mlstatic.com/D_NQ_NP_967487-MLA96172178505_102025-F.jpg
MLB12404;Festas e Lembrancinhas;8;PRODUCT;MLB67473757;Balão Bubble Bobo 24 Polegadas Transparente 50un Balão De Festa Balao Grande Transparente Balão Cha Revelacao Balao De Formatura Balao Para Pendurar Balao Para Festa E Casamento Redfin;;;;https://http2.mlstatic.com/D_NQ_NP_706137-MLA115994510658_092026-F.jpg
MLB12404;Festas e Lembrancinhas;9;USER_PRODUCT;MLBU4462249663;;;;;
MLB12404;Festas e Lembrancinhas;10;PRODUCT;MLB29913761;Faqueiro Tramontina Búzios cem Aço Inox com Detalhe 24 Peças;;;;https://http2.mlstatic.com/D_NQ_NP_852034-MLA99850814177_112025-F.jpg
MLB12404;Festas e Lembrancinhas;11;PRODUCT;MLB64093958;Jogo 6 Copos Vidro Diamante Grosso Resistente Agua 300ml Branco Ms Variedades;;;;https://http2.mlstatic.com/D_NQ_NP_787808-MLA109215385620_042026-F.jpg
MLB12404;Festas e Lembrancinhas;12;ITEM;MLB3848934353;;;;;
MLB12404;Festas e Lembrancinhas;13;USER_PRODUCT;MLBU5132000065;;;;;
MLB12404;Festas e Lembrancinhas;14;ITEM;MLB5982835584;;;;;
MLB12404;Festas e Lembrancinhas;15;PRODUCT;MLB44221140;Kit C/ 4un Cortina Metalizada Fitas Para Decoração Franja Cor Dourado;;;;https://http2.mlstatic.com/D_NQ_NP_707108-MLA91981105409_092025-F.jpg
MLB12404;Festas e Lembrancinhas;16;USER_PRODUCT;MLBU3843338459;;;;;
MLB12404;Festas e Lembrancinhas;17;PRODUCT;MLB41928587;Tinta Da Alegria Spray Colorido Para Cabelo -150ml Cor Roxo;;;;https://http2.mlstatic.com/D_NQ_NP_686333-MLA100082587493_122025-F.jpg
MLB12404;Festas e Lembrancinhas;18;ITEM;MLB5279922690;;;;;
MLB12404;Festas e Lembrancinhas;19;ITEM;MLB5342827164;;;;;
MLB12404;Festas e Lembrancinhas;20;PRODUCT;MLB69999316;Kit 4 Cortina Metalizada Festa Fita Decoração Painel Franja Branco;;;;https://http2.mlstatic.com/D_NQ_NP_928288-MLA111905968743_052026-F.jpg
MLB1144;Games;1;PRODUCT;MLB50196682;Sony PlayStation Store Gift Card R$ 150 (Digital);;;;https://http2.mlstatic.com/D_NQ_NP_902418-MLA116666090065_082026-F.jpg
MLB1144;Games;2;PRODUCT;MLB51757399;Razer Gold Digital R$ 30 (digital);;;;https://http2.mlstatic.com/D_NQ_NP_634164-MLA115097345074_082026-F.jpg
MLB1144;Games;3;PRODUCT;MLB39960346;Controle Sem Fio Joystick REDFIN Bluetooth Compatível Para Ps4 Videogame Tv Samsung Pc P4 Ps 4 Manete Pc Gamer Tv Smart Controle Bluetooth Celular Headset Sem Fio Com P2 Marca Redfin;;;;https://http2.mlstatic.com/D_NQ_NP_762912-MLA105696431793_012026-F.jpg
MLB1144;Games;4;PRODUCT;MLB18010993;Controle Joystick Sem Fio Sony PlayStation 5 DualSense Midnight Black;;;;https://http2.mlstatic.com/D_NQ_NP_759059-MLA99508283678_112025-F.jpg
MLB1144;Games;5;PRODUCT;MLB32333269;Nintendo Gift Card eShop R$ 50 (Digital);;;;https://http2.mlstatic.com/D_NQ_NP_845854-MLA115155718544_082026-F.jpg
MLB1144;Games;6;PRODUCT;MLB34016199;Microfone de lapela Hollyland Lark M2 Combo Preto. Sem Fio Duplo Com Cancelamento de Ruído USB-C Lightning Para iPhone Android Câmera Entrevistas Com Estojo de Carregamento Áudio 48kHz 24-bit;;;;https://http2.mlstatic.com/D_NQ_NP_643129-MLA117339921102_102026-F.jpg
MLB1144;Games;7;PRODUCT;MLB39766120;SSD Kingston NV3 1TB M.2 2280 PCIe 4.0 NVMe 6000 MB/s;;;;https://http2.mlstatic.com/D_NQ_NP_930129-MLU78451929490_082024-F.jpg
MLB1144;Games;8;PRODUCT;MLB10295973;Controle joystick sem fio Sony PlayStation Dualshock 4 Wireless controller crystal;;;;https://http2.mlstatic.com/D_NQ_NP_872886-MLA99579736450_122025-F.jpg
MLB1144;Games;9;PRODUCT;MLB48468943;Headset Gamer Redragon Zeus Lite Preto Drivers 53mm com Microfone Removível;;;;https://http2.mlstatic.com/D_NQ_NP_743438-MLA105468591979_012026-F.jpg
MLB1144;Games;10;PRODUCT;MLB22341315;Fone De Ouvido Com Fio Usb H390 Rosa Logitech Luz Nude;;;;https://http2.mlstatic.com/D_NQ_NP_607621-MLA99549027968_122025-F.jpg
MLB1144;Games;11;PRODUCT;MLB47044981;Fone de Ouvido JBL Quantum 100M2 Gamer Over-ear com Microfone Removível para PS4 e PS5;;;;https://http2.mlstatic.com/D_NQ_NP_913023-MLA110131689717_042026-F.jpg
MLB1144;Games;12;PRODUCT;MLB53816127;Microfone Lapela A'Gold MCF-38D Sem Fio para iPhone e Android com 2 Microfones;;;;https://http2.mlstatic.com/D_NQ_NP_908756-MLA117835115873_092026-F.jpg
MLB1144;Games;13;PRODUCT;MLB56422538;Controle Para Xbox 360 Com Fio Joystick Manete Gamepass Steam Tv Pc Android - Crowley;;;;https://http2.mlstatic.com/D_NQ_NP_962495-MLA116220464242_092026-F.jpg
MLB1144;Games;14;PRODUCT;MLB51856257;Microfone Hollyland Lark A1 Duo Usb-c cor Preto;;;;https://http2.mlstatic.com/D_NQ_NP_939138-MLA99956854929_112025-F.jpg
MLB1144;Games;15;PRODUCT;MLB24473062;Controle GameSir G7 SE com Fio para Xbox One Series S X PC Hall Effect Botões Mecânicos Cor Branco;;;;https://http2.mlstatic.com/D_NQ_NP_876806-MLA99469873464_112025-F.jpg
MLB1144;Games;16;PRODUCT;MLB22778772;Controle Para Xbox 360 Com Fio USB Joystick Manete Gamepad Controle PC Gamer Para Computador Windows Steam Game Pass Android Gamepass TV Vibração Analógico Ergonômico Plug And Play Redfin;;;;https://http2.mlstatic.com/D_NQ_NP_961602-MLA115141279683_072026-F.jpg
MLB1144;Games;17;PRODUCT;MLB15345937;Fone De Ouvido Headset Gamer Havit H2002d P3 Para PS3/PS4/PS5/XBOX/PC Cor Preto;;;;https://http2.mlstatic.com/D_NQ_NP_759854-MLA99487952684_112025-F.jpg
MLB1144;Games;18;PRODUCT;MLB57081243;Console Playstation®5 Slim Digital - Pacote Astro Bot E Gran Turismo 7 - Branco;;;;https://http2.mlstatic.com/D_NQ_NP_667226-MLA96871260244_112025-F.jpg
MLB1144;Games;19;PRODUCT;MLB27824059;Xbox Game Pass Ultimate assinatura 1 mês (Digital);;;;https://http2.mlstatic.com/D_NQ_NP_664724-MLA116488992103_082026-F.jpg
MLB1144;Games;20;PRODUCT;MLB56511596;Kit 2 Controles Para Ps2 e PS1 Com Fio Analógico Joystick Manete - Crowley;;;;https://http2.mlstatic.com/D_NQ_NP_920574-MLA110375106425_042026-F.jpg
MLB1499;Indústria e Comércio;1;USER_PRODUCT;MLBU3176407426;;;;;
MLB1499;Indústria e Comércio;2;ITEM;MLB4230644395;;;;;
MLB1499;Indústria e Comércio;3;PRODUCT;MLB69618888;Lixeira Quadrada Preta 16L Inteligente Automática com Sensor para Banheiro e Cozinha;;;;https://http2.mlstatic.com/D_NQ_NP_985087-MLA110679666782_052026-F.jpg
MLB1499;Indústria e Comércio;4;ITEM;MLB2209981610;;;;;
MLB1499;Indústria e Comércio;5;PRODUCT;MLB43514990;Lixeira Inteligente Automática Redonda Recarregável USB‐C Sensor para Cozinha Banheiro Escritório;;;;https://http2.mlstatic.com/D_NQ_NP_890665-MLA116158791678_092026-F.jpg
MLB1499;Indústria e Comércio;6;PRODUCT;MLB21672188;Aspirador Pó E Água Soprador Wap Gtw 10 Maré 1400w Cor Cinza;;;;https://http2.mlstatic.com/D_NQ_NP_627568-MLA108247612641_032026-F.jpg
MLB1499;Indústria e Comércio;7;USER_PRODUCT;MLBU3170970843;;;;;
MLB1499;Indústria e Comércio;8;PRODUCT;MLB28726333;Bolsa Térmica Marmita Lancheira Alça Transversal Ajustável Removível 2 Compartimentos Organiza Conserva Seus Alimentos Quente ou Frio Cor Preto Tche Amo;;;;https://http2.mlstatic.com/D_NQ_NP_812040-MLA118982376049_102026-F.jpg
MLB1499;Indústria e Comércio;9;PRODUCT;MLB75918474;Sacola Boca De Palhaço 40x50 50 Unidades Sacolinha P/ Lojas Cor Azul Liso;;;;https://http2.mlstatic.com/D_NQ_NP_667277-MLA115306821577_072026-F.jpg
MLB1499;Indústria e Comércio;10;PRODUCT;MLB50566284;Sacola De Papel Pp 15x20x7cm 50und Feito Com Amor Kraft Monolúcido Com Alça Torcida Embalagem Acesso;;;;https://http2.mlstatic.com/D_NQ_NP_706637-MLA85311847019_052025-F.jpg
MLB1499;Indústria e Comércio;11;USER_PRODUCT;MLBU3426904101;;;;;
MLB1499;Indústria e Comércio;12;PRODUCT;MLB52834306;Bobina Plástico Bolha 40x20m - Super Resistente Branco;;;;https://http2.mlstatic.com/D_NQ_NP_828160-MLA112801999350_072026-F.jpg
MLB1499;Indústria e Comércio;13;PRODUCT;MLB70684000;Bolsa Térmica Lancheira Marmita 13,5L 2 Compartimentos Frasqueira Dupla Camada Alça de Ombro Fitness Trabalho Azul;;;;https://http2.mlstatic.com/D_NQ_NP_748419-MLA114184659679_072026-F.jpg
MLB1499;Indústria e Comércio;14;ITEM;MLB5965273922;;;;;
MLB1499;Indústria e Comércio;15;PRODUCT;MLB62062119;Plastico Filme Stretch 50x220m 2,5kg Preto Embalagem Acesso® Bobina 25 Micras Pallet Film Strech;;;;https://http2.mlstatic.com/D_NQ_NP_731431-MLA98094955027_112025-F.jpg
MLB1499;Indústria e Comércio;16;PRODUCT;MLB25144306;Kit 10 Fita Adesiva Embalagem Durex Caixa 45mm X 500m Transparente;;;;https://http2.mlstatic.com/D_NQ_NP_992626-MLA99902441053_112025-F.jpg
MLB1499;Indústria e Comércio;17;USER_PRODUCT;MLBU3908812540;;;;;
MLB1499;Indústria e Comércio;18;PRODUCT;MLB72160006;Lixeira Smart Automática com Sensor Infravermelho Tampa Silenciosa Recarregável USB para Cozinha Banheiro;;;;https://http2.mlstatic.com/D_NQ_NP_903109-MLA111643871740_062026-F.jpg
MLB1499;Indústria e Comércio;19;USER_PRODUCT;MLBU4004865425;;;;;
MLB1499;Indústria e Comércio;20;ITEM;MLB6170811982;;;;;
MLB1648;Informática;1;PRODUCT;MLB50196682;Sony PlayStation Store Gift Card R$ 150 (Digital);;;;https://http2.mlstatic.com/D_NQ_NP_902418-MLA116666090065_082026-F.jpg
MLB1648;Informática;2;PRODUCT;MLB21278806;Masterprint PETG filamento branco;;;;https://http2.mlstatic.com/D_NQ_NP_913849-MLA105989588051_012026-F.jpg
MLB1648;Informática;3;PRODUCT;MLB23487120;Filamento Voolt 3d Pla Verde Efeito Fosco Velvet Premium 1kg Verde Velvet;;;;https://http2.mlstatic.com/D_NQ_NP_647571-MLA116549201715_082026-F.jpg
MLB1648;Informática;4;PRODUCT;MLB11286621;Caixa Papel Sulfite A4 Report 10 Resmas De 500 Folhas Kit;;;;https://http2.mlstatic.com/D_NQ_NP_805455-MLA99487191924_112025-F.jpg
MLB1648;Informática;5;PRODUCT;MLB50860259;Xbox Cartão Presente R$ 100 Gift card (Digital);;;;https://http2.mlstatic.com/D_NQ_NP_639120-MLA116488850701_082026-F.jpg
MLB1648;Informática;6;PRODUCT;MLB51757399;Razer Gold Digital R$ 30 (digital);;;;https://http2.mlstatic.com/D_NQ_NP_634164-MLA115097345074_082026-F.jpg
MLB1648;Informática;7;PRODUCT;MLB40656539;Starlink MINI Internet Via Satélite;;;;https://http2.mlstatic.com/D_NQ_NP_799612-MLA95359719699_102025-F.jpg
MLB1648;Informática;8;PRODUCT;MLB60276890;Bambu Lab PLA Lite vermelho;;;;https://http2.mlstatic.com/D_NQ_NP_998645-MLA99980485903_112025-F.jpg
MLB1648;Informática;9;PRODUCT;MLB61496034;Power Bank 20.000mAh 22.5W Carga Rápida Com Display Digital Carregador Portátil Carga Rápida Premium Compatível Com Todos Os Celulares Iphone Android IOS apple xiaomi LG Samsung Motorola -Marca Davely;;;;https://http2.mlstatic.com/D_NQ_NP_703252-MLA99485758076_112025-F.jpg
MLB1648;Informática;10;PRODUCT;MLB63966639;Filamento Pla Plus 1kg Impressão 3d Nacional - Cores Cor Preto;;;;https://http2.mlstatic.com/D_NQ_NP_903418-MLA107165042644_022026-F.jpg
MLB1648;Informática;11;PRODUCT;MLB24117280;Fone De Ouvido Headphone Dapon H02D Bluetooth 5.1 Over-ear 22h Preto;;;;https://http2.mlstatic.com/D_NQ_NP_673950-MLA99394598783_112025-F.jpg
MLB1648;Informática;12;PRODUCT;MLB50592250;Power Bank Basike 20000mAh Preto, Carga Rápida 22.5W para iPhone e Samsung, Com Cabos Embutidos e Display;;;;https://http2.mlstatic.com/D_NQ_NP_719636-MLA99381510294_112025-F.jpg
MLB1648;Informática;13;PRODUCT;MLB18010993;Controle Joystick Sem Fio Sony PlayStation 5 DualSense Midnight Black;;;;https://http2.mlstatic.com/D_NQ_NP_759059-MLA99508283678_112025-F.jpg
MLB1648;Informática;14;PRODUCT;MLB72674962;Mouse Recarregável Bluetooth Wireless Ergonômico Óptico Informática Gamer Led Rgb Notebook Pc Tablet Smartphone Blackbom;;;;https://http2.mlstatic.com/D_NQ_NP_698387-MLA112152526650_062026-F.jpg
MLB1648;Informática;15;PRODUCT;MLB27065699;Suporte Para Notebook e Macbook de Alumínio Dobrável Prateado Ajuste de Altura e Inclinação Confortáve Base Antiderrapante Portátil Articulado Reforçado Ergonomico Universal Para 14 a 20 Polegadas;;;;https://http2.mlstatic.com/D_NQ_NP_862425-MLA95804056004_102025-F.jpg
MLB1648;Informática;16;PRODUCT;MLB39962085;Fone De Ouvido Sem Fio Xiaomi Redmi Buds 6 Play Preto;;;;https://http2.mlstatic.com/D_NQ_NP_715678-MLU78765136521_082024-F.jpg
MLB1648;Informática;17;PRODUCT;MLB50389060;Adaptador Wifi Usb 3.0 Placa De Rede Para Computador Pc Notebook Dual Band 1300Mbps Gigabit 2 Antenas - Gurumania;;;;https://http2.mlstatic.com/D_NQ_NP_838450-MLA110087635771_042026-F.jpg
MLB1648;Informática;18;PRODUCT;MLB32333269;Nintendo Gift Card eShop R$ 50 (Digital);;;;https://http2.mlstatic.com/D_NQ_NP_845854-MLA115155718544_082026-F.jpg
MLB1648;Informática;19;PRODUCT;MLB44361342;Cabo De Rede Internet 30m 30 Metros Cat6 Azul Crimpado Giga Lan Ethernet Boyu Cell;;;;https://http2.mlstatic.com/D_NQ_NP_795187-MLA107571017470_032026-F.jpg
MLB1648;Informática;20;PRODUCT;MLB46220824;Webcam Camera Full Hd Zoom 1080p 360 Graus Videoconferencia Streamcam Web Cam Entrada Usb 2.0 Com Microfone- GoodVision;;;;https://http2.mlstatic.com/D_NQ_NP_807092-MLA100966388363_122025-F.jpg
MLB1182;Instrumentos Musicais;1;PRODUCT;MLB34016199;Microfone de lapela Hollyland Lark M2 Combo Preto. Sem Fio Duplo Com Cancelamento de Ruído USB-C Lightning Para iPhone Android Câmera Entrevistas Com Estojo de Carregamento Áudio 48kHz 24-bit;;;;https://http2.mlstatic.com/D_NQ_NP_643129-MLA117339921102_102026-F.jpg
MLB1182;Instrumentos Musicais;2;PRODUCT;MLB53816127;Microfone Lapela A'Gold MCF-38D Sem Fio para iPhone e Android com 2 Microfones;;;;https://http2.mlstatic.com/D_NQ_NP_908756-MLA117835115873_092026-F.jpg
MLB1182;Instrumentos Musicais;3;PRODUCT;MLB51856257;Microfone Hollyland Lark A1 Duo Usb-c cor Preto;;;;https://http2.mlstatic.com/D_NQ_NP_939138-MLA99956854929_112025-F.jpg
MLB1182;Instrumentos Musicais;4;ITEM;MLB1854287207;;;;;
MLB1182;Instrumentos Musicais;5;PRODUCT;MLB29382305;Encordoamento Violão Nylon Médio Giannini Canário 5 Jogos;;;;https://http2.mlstatic.com/D_NQ_NP_749832-MLA99487563880_112025-F.jpg
MLB1182;Instrumentos Musicais;6;PRODUCT;MLB68726011;Afinador Digital Cromático Clip Violão Viola Guitarra Cavaco Preto;;;;https://http2.mlstatic.com/D_NQ_NP_790240-MLA110988580073_042026-F.jpg
MLB1182;Instrumentos Musicais;7;PRODUCT;MLB22344073;Cabo P10 Santo Angelo NINJA 30FT Guitarra Violão 9,15m Preto;;;;https://http2.mlstatic.com/D_NQ_NP_992891-MLA99527450766_122025-F.jpg
MLB1182;Instrumentos Musicais;8;PRODUCT;MLB53979422;Microfone Lapela Sem Fio Kaidi Tipo-C;;;;https://http2.mlstatic.com/D_NQ_NP_681459-MLA99623098811_112025-F.jpg
MLB1182;Instrumentos Musicais;9;PRODUCT;MLB51857731;Microfone Lark A1 Hollyland Mini Usb-c Preto;;;;https://http2.mlstatic.com/D_NQ_NP_836376-MLA99418800236_112025-F.jpg
MLB1182;Instrumentos Musicais;10;PRODUCT;MLB69190266;"Capa para Violão Don Caprini Acolchoada com Alça Mochila e Bolso Frontal para Folk e Clássico até 41""";;;;https://http2.mlstatic.com/D_NQ_NP_956275-MLA110306207430_052026-F.jpg
MLB1182;Instrumentos Musicais;11;PRODUCT;MLB53429683;Microfone Lapela Mymotors Preto Sem Fio Tipo C;;;;https://http2.mlstatic.com/D_NQ_NP_662543-MLA99985670637_112025-F.jpg
MLB1182;Instrumentos Musicais;12;PRODUCT;MLB54150718;Caixa de Som Bluetooth À Prova D'água Boombox 4 JBL - Branca;;;;https://http2.mlstatic.com/D_NQ_NP_946596-MLA118535144431_092026-F.jpg
MLB1182;Instrumentos Musicais;13;PRODUCT;MLB26408339;Pandeiro Izzo 10 Abs Preto Pele Nylon Preta Profissional Preto;;;;https://http2.mlstatic.com/D_NQ_NP_608496-MLA99446916660_112025-F.jpg
MLB1182;Instrumentos Musicais;14;PRODUCT;MLB53871179;Microfone Sem Fio Duplo UHF Profissional Preto Recarregável Led Karaokê Palestras Shows Igrejas Apresentações Mzcell;;;;https://http2.mlstatic.com/D_NQ_NP_650618-MLA114740989652_082026-F.jpg
MLB1182;Instrumentos Musicais;15;PRODUCT;MLB27196801;Suporte de Parede Violão Guitarra Violino Baixo Ukulele Acolchoado Com Parafusos;;;;https://http2.mlstatic.com/D_NQ_NP_971723-MLA117193491219_092026-F.jpg
MLB1182;Instrumentos Musicais;16;PRODUCT;MLB57351667;Microfone Lapela Redondo Imã Sem Fio Preto Duplo Anti Ruído Cor Preto - Lightning IPhone 8 ao 14;;;;https://http2.mlstatic.com/D_NQ_NP_738545-MLA116572801230_092026-F.jpg
MLB1182;Instrumentos Musicais;17;PRODUCT;MLB25191505;Kit Com 10 Palhetas Fender 0,71mm Para Violão E Guitarra;;;;https://http2.mlstatic.com/D_NQ_NP_632754-MLA100095999459_122025-F.jpg
MLB1182;Instrumentos Musicais;18;PRODUCT;MLB27048469;Suporte Para Instrumentos Chão Guitarra Violão Baixo Ask G3s Cor Preto;;;;https://http2.mlstatic.com/D_NQ_NP_968391-MLA95497810772_102025-F.jpg
MLB1182;Instrumentos Musicais;19;PRODUCT;MLB61426490;Kit 4 Suportes de Parede Don Caprini para Violão Guitarra Baixo Ukulele;;;;https://http2.mlstatic.com/D_NQ_NP_660218-MLA100080607139_122025-F.jpg
MLB1182;Instrumentos Musicais;20;PRODUCT;MLB67974618;Suporte De Parede Para Instrumento De Corda Violão Guitarra Violino Baixo Ukulele Acolchoado Seguro Robusto Com Parafusos Organização;;;;https://http2.mlstatic.com/D_NQ_NP_776796-MLA110421653883_042026-F.jpg
MLB3937;Joias e Relógios;1;USER_PRODUCT;MLBU3993459523;;;;;
MLB3937;Joias e Relógios;2;PRODUCT;MLB21693452;Relógio Casio Masculino Digital Preto de Resina W-59-1VQ;;;;https://http2.mlstatic.com/D_NQ_NP_684326-MLA115755090874_092026-F.jpg
MLB3937;Joias e Relógios;3;PRODUCT;MLB65974554;Porta Joias 3 Camadas Couro Caixa De Jóias Feminina Cor Verde;;;;https://http2.mlstatic.com/D_NQ_NP_923511-MLA106965860438_022026-F.jpg
MLB3937;Joias e Relógios;4;ITEM;MLB6222303614;;;;;
MLB3937;Joias e Relógios;5;USER_PRODUCT;MLBU1754680036;;;;;
MLB3937;Joias e Relógios;6;PRODUCT;MLB17822924;Relógio de pulso Casio GA-2100 com corria de resina cor vermelho - fondo bordô;;;;https://http2.mlstatic.com/D_NQ_NP_884312-MLA99489775726_112025-F.jpg
MLB3937;Joias e Relógios;7;PRODUCT;MLB70378764;Relogio De Parede Analogico 30cm Preto Branco Redondo Quartz Preto Branco;;;;https://http2.mlstatic.com/D_NQ_NP_985528-MLA112337865313_052026-F.jpg
MLB3937;Joias e Relógios;8;PRODUCT;MLB44431020;Relógio De Parede 30cm Para Cozinha, Sala - Preto E Branco;;;;https://http2.mlstatic.com/D_NQ_NP_607835-MLA99968163143_112025-F.jpg
MLB3937;Joias e Relógios;9;PRODUCT;MLB27398239;Jogo Chave de Fenda e Philips Profissional Imantado 12 Peças;;;;https://http2.mlstatic.com/D_NQ_NP_625409-MLA112629191862_062026-F.jpg
MLB3937;Joias e Relógios;10;USER_PRODUCT;MLBU3198546890;;;;;
MLB3937;Joias e Relógios;11;PRODUCT;MLB28894895;Relógio Digital Despertador Mesa Cabeceira Quarto Idoso Cor Preto Micgeek;;;;https://http2.mlstatic.com/D_NQ_NP_767519-MLA108974232726_032026-F.jpg
MLB3937;Joias e Relógios;12;ITEM;MLB5646929746;;;;;
MLB3937;Joias e Relógios;13;ITEM;MLB3620687217;;;;;
MLB3937;Joias e Relógios;14;PRODUCT;MLB54112151;Apple Watch Series 11 GPS - Caixa cor de ouro rosa de alumínio – 42 mm - Pulseira esportiva blush-clara – P/M;;;;https://http2.mlstatic.com/D_NQ_NP_773522-MLA96143327207_102025-F.jpg
MLB3937;Joias e Relógios;15;ITEM;MLB4275758403;;;;;
MLB3937;Joias e Relógios;16;USER_PRODUCT;MLBU3880027245;;;;;
MLB3937;Joias e Relógios;17;PRODUCT;MLB28463712;Relógio Digital Mesa Despertador Inteligente Cabeceira Quarto Idoso Com Sensor De Temperatura Micgeek;;;;https://http2.mlstatic.com/D_NQ_NP_642764-MLA97096422781_112025-F.jpg
MLB3937;Joias e Relógios;18;USER_PRODUCT;MLBU3252471695;;;;;
MLB3937;Joias e Relógios;19;PRODUCT;MLB22817056;Relógio WR Retrô Digital Aço Inoxidável Vintage Unisex Prata;;;;https://http2.mlstatic.com/D_NQ_NP_882157-MLA100073963301_122025-F.jpg
MLB3937;Joias e Relógios;20;ITEM;MLB5944850628;;;;;
MLB1196;Livros, Revistas e Comics;1;PRODUCT;MLB11286621;Caixa Papel Sulfite A4 Report 10 Resmas De 500 Folhas Kit;;;;https://http2.mlstatic.com/D_NQ_NP_805455-MLA99487191924_112025-F.jpg
MLB1196;Livros, Revistas e Comics;2;USER_PRODUCT;MLBU3923294598;;;;;
MLB1196;Livros, Revistas e Comics;3;PRODUCT;MLB72129598;Revista Físico Dark News Revistas [revistas] Dark Lab De Brasil;;;;https://http2.mlstatic.com/D_NQ_NP_628429-MLA111629542136_062026-F.jpg
MLB1196;Livros, Revistas e Comics;4;PRODUCT;MLB74135784;Eu duvido você terminar este livro - Mafra, Giuliana - Editora Planeta - Capa Mole;;;;https://http2.mlstatic.com/D_NQ_NP_716741-MLA113066519028_072026-F.jpg
MLB1196;Livros, Revistas e Comics;5;PRODUCT;MLB66864521;Copa do Mundo da Fifa 2026™ Kit com 12 envelopes de figurinhas Fifa World Cup 2026™ - Panini - Capa Mole;;;;https://http2.mlstatic.com/D_NQ_NP_903022-MLA109894312615_032026-F.jpg
MLB1196;Livros, Revistas e Comics;6;PRODUCT;MLB19453772;Livro Verity, Colleen Hoover, Português, Galera, 2021;;;;https://http2.mlstatic.com/D_NQ_NP_909003-MLU50881573316_072022-F.jpg
MLB1196;Livros, Revistas e Comics;7;USER_PRODUCT;MLBU3995578596;;;;;
MLB1196;Livros, Revistas e Comics;8;PRODUCT;MLB78777171;O diário de tarefas gnomosas do floreante viajante - (Autor(es) original) Lacerda, Maidy - Outro Planeta - Capa Dura;;;;https://http2.mlstatic.com/D_NQ_NP_690785-MLA117027871833_092026-F.jpg
MLB1196;Livros, Revistas e Comics;9;PRODUCT;MLB19305160;Libro O diário de uma princesa desastrada, Um Romance, de Lacerda, Maidy. Editorial Outro Planeta., tapa mole, en português (2022);;;;https://http2.mlstatic.com/D_NQ_NP_960774-MLU50455305870_062022-F.jpg
MLB1196;Livros, Revistas e Comics;10;USER_PRODUCT;MLBU1748429135;;;;;
MLB1196;Livros, Revistas e Comics;11;PRODUCT;MLB19438138;Cartas de um diabo a seu aprendiz - Lewis, C.S. - Thomas Nelson Brasil - Capa Dura;;;;https://http2.mlstatic.com/D_NQ_NP_753389-MLA113421179343_062026-F.jpg
MLB1196;Livros, Revistas e Comics;12;PRODUCT;MLB19459381;A Hipótese Do Amor De Ali Hazelwood com sobrecapa do filme;;;;https://http2.mlstatic.com/D_NQ_NP_806334-MLA118538215027_092026-F.jpg
MLB1196;Livros, Revistas e Comics;13;PRODUCT;MLB30712586;O diário de uma princesa desastrada 2 - Lacerda, Maidy - Editora Planeta - Capa Mole;;;;https://http2.mlstatic.com/D_NQ_NP_850094-MLA79580193572_102024-F.jpg
MLB1196;Livros, Revistas e Comics;14;PRODUCT;MLB19299491;Hábitos atômicos - Clear, James - Editora Alta Books - Capa Mole;;;;https://http2.mlstatic.com/D_NQ_NP_653257-MLU50462500949_062022-F.jpg
MLB1196;Livros, Revistas e Comics;15;USER_PRODUCT;MLBU3923297074;;;;;
MLB1196;Livros, Revistas e Comics;16;PRODUCT;MLB22500020;Melhor do que nos filmes - Painter, Lynn - Intrínseca - Capa Mole;;;;https://http2.mlstatic.com/D_NQ_NP_715474-MLU72564017573_102023-F.jpg
MLB1196;Livros, Revistas e Comics;17;PRODUCT;MLB41503075;365 hábitos simples e poderosos - Houch, Paulo - On Line Editora - Capa Mole;;;;https://http2.mlstatic.com/D_NQ_NP_798913-MLA118815402075_102026-F.jpg
MLB1196;Livros, Revistas e Comics;18;PRODUCT;MLB67414577;Livros Infantis Kit 30 Volumes Contos Clássicos Fábulas Histórias Coletânea Ouro Inesquecíveis Sempre Ilustrado Educativo Literatura Presente Criança Conto de Fada Português Louis Riel;;;;https://http2.mlstatic.com/D_NQ_NP_714916-MLA110693079206_052026-F.jpg
MLB1196;Livros, Revistas e Comics;19;PRODUCT;MLB41996321;O diário de uma princesa desastrada 3 - Lacerda, Maidy - Editora Planeta - Capa Mole;;;;https://http2.mlstatic.com/D_NQ_NP_856240-MLA112270179054_062026-F.jpg
MLB1196;Livros, Revistas e Comics;20;PRODUCT;MLB68470545;O diário de uma princesa desastrada 4 - Lacerda, Maidy - Editora Planeta - Capa Mole;;;;https://http2.mlstatic.com/D_NQ_NP_813121-MLA110797564301_042026-F.jpg
MLB1168;Música, Filmes e Seriados;1;PRODUCT;MLB2074274248;Últimas Bts Barras De Refuerzo Pre-venta Limitada Plazas;;;;https://http2.mlstatic.com/D_777941-CBT106775241753_022026-F.jpg
MLB1168;Música, Filmes e Seriados;2;USER_PRODUCT;MLBU760527427;;;;;
MLB1168;Música, Filmes e Seriados;3;USER_PRODUCT;MLBU781469521;;;;;
MLB1168;Música, Filmes e Seriados;4;PRODUCT;MLB57357830;Plastico Vinil Lp 200 - 100 Externos 0.15 + 100 Interno;;;;https://http2.mlstatic.com/D_NQ_NP_761287-MLA99583658858_122025-F.jpg
MLB1168;Música, Filmes e Seriados;5;USER_PRODUCT;MLBU5103181065;;;;;
MLB1168;Música, Filmes e Seriados;6;USER_PRODUCT;MLBU1479080293;;;;;
MLB1168;Música, Filmes e Seriados;7;USER_PRODUCT;MLBU3515966791;;;;;
MLB1168;Música, Filmes e Seriados;8;USER_PRODUCT;MLBU4909936532;;;;;
MLB1168;Música, Filmes e Seriados;9;USER_PRODUCT;MLBU4400408221;;;;;
MLB1168;Música, Filmes e Seriados;10;PRODUCT;MLB23198004;LP Jorge Ben - A Tábua De Esmeralda - Lacrado;;;;https://http2.mlstatic.com/D_NQ_NP_856687-MLA99905261563_112025-F.jpg
MLB1168;Música, Filmes e Seriados;11;PRODUCT;MLB2086691704;*- Lightstick Oficial Bts Army Bomb Com Acessórios !;;;;https://http2.mlstatic.com/D_637131-CBT110619695044_052026-F.jpg
MLB1168;Música, Filmes e Seriados;12;USER_PRODUCT;MLBU5327122193;;;;;
MLB1168;Música, Filmes e Seriados;13;USER_PRODUCT;MLBU4400630947;;;;;
MLB1168;Música, Filmes e Seriados;14;USER_PRODUCT;MLBU4423982126;;;;;
MLB1168;Música, Filmes e Seriados;15;USER_PRODUCT;MLBU3494970110;;;;;
MLB1168;Música, Filmes e Seriados;16;USER_PRODUCT;MLBU5165876813;;;;;
MLB1168;Música, Filmes e Seriados;17;USER_PRODUCT;MLBU1411842123;;;;;
MLB1168;Música, Filmes e Seriados;18;USER_PRODUCT;MLBU3077682206;;;;;
MLB1168;Música, Filmes e Seriados;19;USER_PRODUCT;MLBU5207281865;;;;;
MLB1168;Música, Filmes e Seriados;20;USER_PRODUCT;MLBU771302702;;;;;
MLB264586;Saúde;1;PRODUCT;MLB19603205;Creatina Growth Supplements Monohidratada em pó Sem sabor x 250g;;;;https://http2.mlstatic.com/D_NQ_NP_662415-MLA97812910758_112025-F.jpg
MLB264586;Saúde;2;PRODUCT;MLB25929487;Creatina Monohidratada Dark Lab 1kg (100%);;;;https://http2.mlstatic.com/D_NQ_NP_603981-MLA115262802698_082026-F.jpg
MLB264586;Saúde;3;PRODUCT;MLB18725308;Creatina Soldiers Nutrition em pó Sem sabor x 500g;;;;https://http2.mlstatic.com/D_NQ_NP_858065-MLA112585347120_062026-F.jpg
MLB264586;Saúde;4;PRODUCT;MLB6087971;Proteína Max Titanium Whey Pro Concetrado em pó sabor Morango x 1kg;;;;https://http2.mlstatic.com/D_NQ_NP_608162-MLA112813208483_062026-F.jpg
MLB264586;Saúde;5;PRODUCT;MLB18723720;Whey Grego Bar (caixa 12 Unidades) - Nutrata Barra Proteina Sabor Bolo de festa;;;;https://http2.mlstatic.com/D_NQ_NP_840579-MLA92604767971_092025-F.jpg
MLB264586;Saúde;6;PRODUCT;MLB19506691;Creatina Dark Lab Premium Pure em pó Sem sabor x 300g;;;;https://http2.mlstatic.com/D_NQ_NP_830138-MLA116668021755_082026-F.jpg
MLB264586;Saúde;7;PRODUCT;MLB19140415;Suplemento Whey Isolate Protein Fuse 1,8kg sabor Morango Dark Lab;;;;https://http2.mlstatic.com/D_NQ_NP_989007-MLA99405715766_112025-F.jpg
MLB264586;Saúde;8;PRODUCT;MLB18725403;Proteína Growth Supplements Basic Whey em pó sabor Chocolate x 1kg;;;;https://http2.mlstatic.com/D_NQ_NP_819000-MLA101180020755_122025-F.jpg
MLB264586;Saúde;9;PRODUCT;MLB39230611;Creatina Integralmédica sem sabor pacote x 2 frascos de 300g;;;;https://http2.mlstatic.com/D_NQ_NP_951997-MLA99985874825_112025-F.jpg
MLB264586;Saúde;10;PRODUCT;MLB19592776;Proteína Adaptogen Science Tasty Whey Gourmet em pó sabor Doce de leite x 900g;;;;https://http2.mlstatic.com/D_NQ_NP_738007-MLA97316893807_112025-F.jpg
MLB264586;Saúde;11;PRODUCT;MLB54514525;Balança Digital Bioimpedância Profissional smart imc 180kg Bluetooth Corporal Aparelho Alta Capacidade aplicativo App para Android e para IOS Balança De Banheiro Academia;;;;https://http2.mlstatic.com/D_NQ_NP_750371-MLA116617370667_082026-F.jpg
MLB264586;Saúde;12;USER_PRODUCT;MLBU3573612066;;;;;
MLB264586;Saúde;13;PRODUCT;MLB19698479;Creatina Dux Nutrition em pó Sem sabor x 300g;;;;https://http2.mlstatic.com/D_NQ_NP_694098-MLA116309984034_092026-F.jpg
MLB264586;Saúde;14;PRODUCT;MLB53177203;Whey protein XPro Nutrition Iso Blend Complex em pó sabor Baunilha x 2kg;;;;https://http2.mlstatic.com/D_NQ_NP_932547-MLA107593298027_022026-F.jpg
MLB264586;Saúde;15;PRODUCT;MLB18630341;Creatina 100g Creatina Monohidratada Max Titanium Sem Sabor Alta Pureza;;;;https://http2.mlstatic.com/D_NQ_NP_697835-MLA117269994412_102026-F.jpg
MLB264586;Saúde;16;PRODUCT;MLB35959035;Mineral/Vitamina Bodyaction Nutri Science Magnésio E Inositol Taurina Melatonina 210g em pó sabor Maracujá x 210g;;;;https://http2.mlstatic.com/D_NQ_NP_653067-MLA110738695437_042026-F.jpg
MLB264586;Saúde;17;PRODUCT;MLB79948726;Luva Nitrílica Preta Descartável Tamanho M 100 Unidades antiderrapantes;;;;https://http2.mlstatic.com/D_NQ_NP_645527-MLA118299459475_092026-F.jpg
MLB264586;Saúde;18;PRODUCT;MLB18953093;Whey Protein Growth Concentrado 1kg – Sabor Baunilha;;;;https://http2.mlstatic.com/D_NQ_NP_824274-MLA98770399871_112025-F.jpg
MLB264586;Saúde;19;PRODUCT;MLB12406685;Anabolic Mass 28500 3kg Profit Labs Sabor Chocolate;;;;https://http2.mlstatic.com/D_NQ_NP_616506-MLA110075703952_042026-F.jpg
MLB264586;Saúde;20;PRODUCT;MLB64921330;Complexo B AlwaysFit | Metilfolato + Metilcobalamina + Vitaminas do Complexo B | 60 Cápsulas;;;;https://http2.mlstatic.com/D_NQ_NP_951507-MLA105745113895_012026-F.jpg
MLB1953;Mais Categorias;1;USER_PRODUCT;MLBU3555832145;;;;;
MLB1953;Mais Categorias;2;USER_PRODUCT;MLBU3555823231;;;;;
MLB1953;Mais Categorias;3;USER_PRODUCT;MLBU3555821727;;;;;
MLB1953;Mais Categorias;4;USER_PRODUCT;MLBU3563214020;;;;;
MLB1953;Mais Categorias;5;USER_PRODUCT;MLBU3563209278;;;;;
MLB1953;Mais Categorias;6;PRODUCT;MLB19864077;Gel Lubrificante Íntimo 2 em 1 K-Med Frasco 203g;;;;https://http2.mlstatic.com/D_NQ_NP_743442-MLA74072235764_012024-F.jpg
MLB1953;Mais Categorias;7;PRODUCT;MLB19606052;Shampoo Tonalizante Grecin 5 Preto Cobre os Grisalhos 60ml;;;;https://http2.mlstatic.com/D_NQ_NP_627366-MLA99601833410_122025-F.jpg
MLB1953;Mais Categorias;8;PRODUCT;MLB54854859;Kit 12 Velas 7 Dias Coloridas Votiva 260g Parafina Atacado Sem Fragrância;;;;https://http2.mlstatic.com/D_NQ_NP_993586-MLA91476229890_092025-F.jpg
MLB1953;Mais Categorias;9;PRODUCT;MLB24857664;Gel Lubrificante Íntimo 100g K-med Base D'água Conforto Amor Sabor Neutro;;;;https://http2.mlstatic.com/D_NQ_NP_628181-MLU70634233732_072023-F.jpg
MLB1953;Mais Categorias;10;PRODUCT;MLB19906501;PERFUME DA NOIVA ÁRABE DURRAT ALL AROOS 85 ML EDP;;;;https://http2.mlstatic.com/D_NQ_NP_979648-MLA116569704466_092026-F.jpg
MLB1953;Mais Categorias;11;USER_PRODUCT;MLBU755716743;;;;;
MLB1953;Mais Categorias;12;PRODUCT;MLB75328475;30 Mini Tercinho Pérola Dezena Terço Lembrancinha Batizado;;;;https://http2.mlstatic.com/D_NQ_NP_766043-MLA114338580777_072026-F.jpg
MLB1953;Mais Categorias;13;ITEM;MLB5364559732;;;;;
MLB1953;Mais Categorias;14;USER_PRODUCT;MLBU4671214549;;;;;
MLB1953;Mais Categorias;15;USER_PRODUCT;MLBU3913860573;;;;;
MLB1953;Mais Categorias;16;USER_PRODUCT;MLBU4153490352;;;;;
MLB1953;Mais Categorias;17;PRODUCT;MLB21707649;K-MED Gel Lubrificante 2 Em 1 Neutro 200gr;;;;https://http2.mlstatic.com/D_NQ_NP_775835-MLA103371265064_012026-F.jpg
MLB1953;Mais Categorias;18;PRODUCT;MLB24392436;Mini Maçarico Portátil Recarregável Super Chama 1300 Graus;;;;https://http2.mlstatic.com/D_NQ_NP_848765-MLA100123451415_122025-F.jpg
MLB1953;Mais Categorias;19;USER_PRODUCT;MLBU1750335325;;;;;
MLB1953;Mais Categorias;20;USER_PRODUCT;MLBU3729949920;;;;;
