grupo;codigo_plasutil;catalogo;produto;asin;ranking;categoria;preco_amazon;vendedores;buybox_amazon;taxa_fba;custo_maximo
A - Recomendado;18221;Cozinha & Organização;Plasútil Porta Ração com Tampa Hermética e Dosador 8,5 L Cachorro;B0FR9V87V3;987;Comedouros, Bebedouros e Acessórios para Cães;49.9;10;nao;5.85;22.59
A - Recomendado;16580;Cozinha & Organização;PLASUTIL Porta Tempero Condimento Hermético Cristal com Base Modular 7 Peças;B0DF8WGG8P;1196;Frascos de Especiarias;40.08;13;nao;5.85;17.0
A - Recomendado;3494;Cozinha & Organização;Plasútil Lixeira Plástica 3 Compartimentos em 1 Abertura com Pedal 30 L;B07DB8MK9Y;1480;Recipientes para Lixo e Reciclagem;68.61;7;nao;6.05;33.06
A - Recomendado;17438;Baby;Caneca Treinamento com Canudo de Silicone Retrátil Minnie 260 ml Plasútil;B0DV6K9YS5;1695;Copos para Bebês;29.9;2;nao;5.65;11.39
A - Recomendado;3486;Cozinha & Organização;Lixeira Basculante Plasútil 14 L;B07DS21QGQ;1812;Caixas, Cestos e Baús para Organização;35.0;8;nao;5.66;14.29
A - Recomendado;19108;Cozinha & Organização;Plasútil Porta Ração com Tampa Hermética e Dosador 13 l Gatos Plasutil;B0H6NNQ8VZ;2321;Refis de Recipiente para Caixa de Areia;91.9;1;nao;15.05;37.33
A - Recomendado;3495;Cozinha & Organização;Plasútil Lixeira de Plástico Tampa de Abertura com Pedal 45 L - Polipropileno;B07DS2WRRK;2550;Recipientes para Lixo e Reciclagem;73.13;7;nao;6.05;35.63
A - Recomendado;6475;Cozinha & Organização;Plasútil Conjunto de Porta Mantimentos Tampa Rosca 7 Peças;B08ZNS5X8N;3064;Potes e Porta-Mantimentos;112.19;10;nao;14.86;49.09
A - Recomendado;18153;P&D (Disney/licenciados);Organizador Decorado c/Trava Stitch Plasútil;B0FKD1B5L6;3572;Organização e Recipientes de Comida para Bebês;26.9;5;nao;5.65;9.68
A - Recomendado;2413;Cozinha & Organização;Lixeira com Pedal Plasútil Branco 7 L - Polipropileno;B07DR6SJD6;3634;Caixas, Cestos e Baús para Organização;34.9;2;nao;5.85;14.04
A - Recomendado;3495;Cozinha & Organização;Lixeira com Pedal Plasútil 15 L;B07DB8RJBB;3678;Recipientes para Lixo e Reciclagem;46.17;10;nao;5.66;20.66
B - Ticket baixo;17804;P&D (Disney/licenciados);Plasútil Marmita Hermética com Divisórias e Travas Disney Minnie 630 ml;B0F6VYLNHT;334;Potes e Porta-Mantimentos;18.4;11;nao;5.65;4.84
B - Ticket baixo;12978;Cozinha & Organização;Garrafa Plástica 1,8L New York Plasútil - vermelho;B0C1ZRR4BM;585;Garrafas, Squeezes e Acessórios;21.99;3;nao;5.65;6.88
B - Ticket baixo;17697;P&D (Disney/licenciados);Plasútil Marmita Hermética de Plástico com Trava Homem-Aranha 630 ml;B0F6VWHNTF;914;Potes e Porta-Mantimentos;23.5;9;nao;5.65;7.74
B - Ticket baixo;13494;P&D (Disney/licenciados);Plasútil Kit 3 Potes Quadrado Infantil Conect Homem Aranha;B0C1ZRFXYL;1013;Potes e Porta-Mantimentos;18.99;17;nao;5.65;5.17
B - Ticket baixo;17698;P&D (Disney/licenciados);Plasútil Pote Marmita Hermética de Plástico com Travas Stitch 630 ml;B0F6VYBSXL;1297;Potes e Porta-Mantimentos;19.49;14;nao;5.65;5.46
B - Ticket baixo;16038;P&D (Disney/licenciados);Garrafa Plástica Abre Fácil Spidey 530 ML Plasútil;B0CJSMV7CK;1337;Garrafas, Squeezes e Acessórios;24.0;5;nao;5.65;8.03
B - Ticket baixo;15854;P&D (Disney/licenciados);Garrafa Patrulha Canina, Plástica, 280 ml, Rosa, Plasútil;B0CMY47M92;1747;Garrafas, Squeezes e Acessórios;22.69;4;nao;5.65;7.28
B - Ticket baixo;4757;P&D (Disney/licenciados);Pote Banana Plasútil Amarelo;B0086O2FEG;1816;Potes e Porta-Mantimentos;13.99;17;nao;5.65;2.32
B - Ticket baixo;8331;Cozinha & Organização;Travessa Quadrada Duo Chef, Plasútil 520 ml;B0797WVVTK;2190;Recipientes para Misturar;20.04;1;nao;5.65;5.77
B - Ticket baixo;17080;Cozinha & Organização;Pote Queijeira Trava Mais 550Ml C/Escorredor Plasútil;B0F1GC85LF;2649;Recipientes e Potes para Alimentos;23.9;3;nao;5.65;7.97
B - Ticket baixo;17443;P&D (Disney/licenciados);Plasútil Copo Plástico com Tampa e Pin no Canudo Homem-Aranha 500 ml;B0DV7FF4NP;2820;Copos e Garrafas de Água;21.99;6;nao;5.65;6.88
B - Ticket baixo;17975;P&D (Disney/licenciados);Plasútil Copo Xícara Infantil de Plástico Princesas Cinderela 250 ml;B0F8D9MDB5;3067;Copos para Festas Infantis;11.22;1;nao;5.65;0.75
B - Ticket baixo;17276;P&D (Disney/licenciados);Garrafa 500 Ml Plástico Lúdica Mickey Plástico;B0DF8YGZ1W;3067;Copos e Garrafas para Viagem;23.97;3;nao;5.65;8.01
B - Ticket baixo;7088;Baby;Caneca De Transição 330 Ml Baby Princess Plasútil;B07DCS987L;3200;Copos para Bebês;19.0;9;nao;5.65;5.18
B - Ticket baixo;17971;P&D (Disney/licenciados);Copo Xícara Retrô Nuance Ariel 250 ml Plasútil;B0F8D8KTQX;3383;Copos para Bebês;11.22;1;nao;5.65;0.75
B - Ticket baixo;17279;P&D (Disney/licenciados);Plasútil Pote Marmita Hermética de Plástico com Travas Avengers 630 ml;B0F1GFP4NB;3439;Potes e Porta-Mantimentos;22.75;3;nao;5.65;7.32
B - Ticket baixo;8273;P&D (Disney/licenciados);Caneca Mickey Roadster Racers, Branco, 360 ml, Plasútil;B07D7QN7TR;3446;Xícaras e Canecas de Café;21.94;3;nao;5.65;6.86
B - Ticket baixo;17707;P&D (Disney/licenciados);Copo com Canudo Bluey 500 ml Plasútil;B0DWY12Z1S;3451;Copos e Garrafas de Água;19.0;3;nao;5.65;5.18
B - Ticket baixo;13961;Cozinha & Organização;Rodo de Pia, 16 cm, Preto, Plasutil;B008QY4KEE;3667;Rodos;18.43;12;nao;5.65;4.86
B - Ticket baixo;4635;P&D (Disney/licenciados);Forma para Sorvete Mickey Plasútil Multicor;B07D7TDB63;3723;Ferramentas e Dispositivos Especiais;23.5;5;nao;5.65;7.74
B - Ticket baixo;18023;Baby;Copo Treinamento, Plasútil, Patrulha Canina Baby, 330 ml, Azul;B0G1ZDCNYL;3799;Copos para Bebês;19.9;4;nao;5.65;5.69
C - Amazon vende (evitar);14294;Cozinha & Organização;Plasútil Pote Hermético de Plástico 2 Divisórias com Escorredor e Travas;B09YVLJ46V;308;Potes e Porta-Mantimentos;21.23;21;sim;5.65;6.45
C - Amazon vende (evitar);16035;Baby;Plasutil Copo Plástico com Alças e Bico Treinamento Spidey 320ml;B0CJ13XCNY;319;Garrafas, Squeezes e Acessórios;19.0;13;sim;5.65;5.18
C - Amazon vende (evitar);17488;Cozinha & Organização;Plásutil Porta Esponja Bandeja Dispenser para Detergente 520 ml - Multicolorido;B0DXH69CFP;377;Acessórios de Pia de Cozinha;17.35;4;sim;5.65;4.24
C - Amazon vende (evitar);8737;Cozinha & Organização;Garrafa Plástica 1,8L New York Plasútil - transparente;B0C1ZSLWJ8;585;Garrafas, Squeezes e Acessórios;19.04;4;sim;5.65;5.2
C - Amazon vende (evitar);14886;P&D (Disney/licenciados);Porta Objetos, Plasutil, Princesas, 4 Peças - Polipropileno (PP) Multicor;B0CHS8KKPG;704;Baús de Armazenamento;37.39;6;sim;5.85;15.46
C - Amazon vende (evitar);14463;P&D (Disney/licenciados);Garrafa Infantil Homem Aranha com Tampa Abre Fácil 530ml Plasutil Ref.14463;B0B52H2GWW;841;Garrafas, Squeezes e Acessórios;19.99;4;sim;5.65;5.74
C - Amazon vende (evitar);17731;P&D (Disney/licenciados);Plasútil Pote Pipoca Quadrado de Plástico Retrô Minnie Vermelha;B0DWY11S1N;886;Organização e Recipientes de Comida para Bebês;25.81;2;sim;5.65;9.06
C - Amazon vende (evitar);8630;P&D (Disney/licenciados);Plasútil Copo Plástico Avengers 320 Ml;B07D7WY7KP;911;Copos e Garrafas de Água;9.24;2;sim;5.65;-0.38
C - Amazon vende (evitar);7745;Baby;Kit com 3 Potes, Plástico, Conect, Minnie, Plasutil;B0858W1DVZ;911;Organização e Recipientes de Comida para Bebês;19.9;11;sim;5.65;5.69
C - Amazon vende (evitar);8140;P&D (Disney/licenciados);Copo 320 Ml Moana Plasútil;B077C4X2RH;911;Copos e Garrafas de Água;7.9;7;sim;5.65;-1.15
C - Amazon vende (evitar);1068;P&D (Disney/licenciados);Copo 320 Ml Minions Meu Malvado Plasútil;B07DVVGV47;911;Copos e Garrafas de Água;8.58;3;sim;5.65;-0.76
C - Amazon vende (evitar);8274;P&D (Disney/licenciados);Copo 320 Ml Mickey Plasútil;B07D7T1Y59;911;Copos e Garrafas de Água;16.29;6;sim;5.65;3.64
C - Amazon vende (evitar);2907;Cozinha & Organização;Copo 320 Ml Carros Plasútil;B07D7QPVXB;911;Copos e Garrafas de Água;7.9;3;sim;5.65;-1.15
C - Amazon vende (evitar);8174;P&D (Disney/licenciados);Copo 320 Ml Frozen Plasútil;B07D5V11V3;911;Copos e Garrafas de Água;9.97;4;sim;5.65;0.03
C - Amazon vende (evitar);2890;Cozinha & Organização;Plasútil Caixa Organizadora Incolor com Travas 19,8 litros;B077Q7VVPH;1050;Caixas Organizadoras (Casa);39.41;18;sim;5.85;16.61
C - Amazon vende (evitar);3494;Cozinha & Organização;Lixeira com Pedal Plasútil 7 L - Ouro Velho;B07DB875QJ;1065;Caixas, Cestos e Baús para Organização;30.21;9;sim;5.66;11.56
C - Amazon vende (evitar);3420;Cozinha & Organização;Plasútil Secador Manual de Folhas Salada Centrífuga Escorredor 2,8L;B07DNW7LHZ;1142;Utensílios e Mexedores de Salada;28.4;11;sim;5.65;10.54
C - Amazon vende (evitar);18135;P&D (Disney/licenciados);Plasútil Copo Foguete Toy Story com Tampa e Canudo 280 ml;B0FKD592GK;1156;Copos para Festas Infantis;21.9;1;sim;5.65;6.83
C - Amazon vende (evitar);4861;Cozinha & Organização;Pulverizador Plasútil Branco 580 ml;B07DR4X1PB;1172;Pulverizadores de Jardim;12.99;9;sim;5.65;1.75
C - Amazon vende (evitar);8735;Cozinha & Organização;Plasútil Garrafa Plástica com Tampa Rosca 1L New York;B0C1ZSCCWV;1225;Garrafas, Squeezes e Acessórios;20.56;4;sim;5.65;6.07
C - Amazon vende (evitar);17188;P&D (Disney/licenciados);Plasútil Kit 3 Potes Encaixáveis de Plástico Quadrado Patrulha Canina;B0DB6CMPX4;1226;Potes e Porta-Mantimentos;16.14;6;sim;5.65;3.55
C - Amazon vende (evitar);16700;P&D (Disney/licenciados);Plasútil Pasta Organizador Plástico de Documentos Stitch com Travas - Azul;B0D1VQZWDW;1282;Pastas Arquivos;39.36;6;sim;5.65;16.79
C - Amazon vende (evitar);3474;Cozinha & Organização;Plasútil Lixeira de Plástico com Tampa Basculante e Alça Lateral 45 L;B07DS2VKR9;1285;Caixas, Cestos e Baús para Organização;120.54;1;sim;49.1;19.61
C - Amazon vende (evitar);6967;Baby;Kit com 3 Potes, Plástico, Conect, Mickey, Plasutil;B084KS92TB;1364;Organização e Recipientes de Comida para Bebês;19.9;8;sim;5.65;5.69
C - Amazon vende (evitar);17728;P&D (Disney/licenciados);Plasútil Pote Pipoca Quadrado de Plástico Retrô Mickey Clássico;B0DWY2J2P7;1404;Organização e Recipientes de Comida para Bebês;30.04;2;sim;5.85;11.27
C - Amazon vende (evitar);9314;Baby;Porta Chupeta Decorado Menino de Plástico Plasútil;B0C1ZRS45R;1438;Clips e Porta-Chupetas;5.92;3;sim;5.65;-2.28
C - Amazon vende (evitar);8036;P&D (Disney/licenciados);Garrafa Go 500 ml Neon, Plasútil;B07DX9MV58;1459;Garrafas, Squeezes e Acessórios;11.9;2;sim;5.65;1.13
C - Amazon vende (evitar);9316;Baby;Copo de Treinamento Decorado Menina, 330 ml, Plasutil;B09HWLG8MD;1585;Copos para Bebês;14.2;9;sim;5.65;2.44
C - Amazon vende (evitar);17849;P&D (Disney/licenciados);Copo Decorado Capivara 320 ml Plasutil;B0F6VWM9KC;1627;Copos para Bebês;6.55;5;sim;5.65;-1.92
C - Amazon vende (evitar);17730;P&D (Disney/licenciados);Plasútil Pote Pipoca Quadrado de Plástico Retrô Minnie Rosa;B0DWXZJ8G4;1630;Organização e Recipientes de Comida para Bebês;25.12;5;sim;5.65;8.67
C - Amazon vende (evitar);7747;Baby;Copo Treinamento, Plasutil, Minnie, 330ml;B08639M2WK;1677;Copos para Bebês;19.54;15;sim;5.65;5.49
C - Amazon vende (evitar);17803;P&D (Disney/licenciados);Plasútil Pote Marmita Hermética de Plástico com Travas Frozen 630 ml;B0F6TRSFC5;1691;Potes e Porta-Mantimentos;21.8;8;sim;5.65;6.78
C - Amazon vende (evitar);17435;Baby;Caneca Treinamento com Canudo de Silicone Retrátil Mickey 260 ml Plasútil;B0DV6GRJ7B;1695;Copos para Bebês;34.08;1;sim;5.85;13.58
C - Amazon vende (evitar);18640;Baby;Plasútil Prato Fundo Hello Kitty Alimentação Infantil;B0H1SDFLQ9;1699;Organização e Recipientes de Comida para Bebês;11.4;1;sim;5.65;0.85
C - Amazon vende (evitar);7108;Baby;Plasútil Copo Treinamento Infantil de Plástico com Alças Mickey 330 ml;B08633XVGT;1730;Copos para Bebês;20.73;15;sim;5.65;6.17
C - Amazon vende (evitar);17805;P&D (Disney/licenciados);Plasútil Pote Marmita Hermética de Plástico com Travas Disney Mickey 630 ml;B0F6TRQYG1;1785;Potes e Porta-Mantimentos;20.09;8;sim;5.65;5.8
C - Amazon vende (evitar);17437;Baby;Caneca Treinamento com Canudo de Silicone Retrátil Minnie Rosa 260 ml Plasútil;B0DV6XGT13;1935;Copos para Bebês;53.98;1;sim;6.05;24.72
C - Amazon vende (evitar);2275;Cozinha & Organização;Plasútil Lixeira de Plástico com Tampa de Abertura com Pedal 50 L - Polipropileno;B07FFYB6YQ;1935;Caixas, Cestos e Baús para Organização;159.39;2;sim;68.55;22.3
C - Amazon vende (evitar);6922;Baby;Porta Chupeta Mickey Baby, Plasútil;B07DCT1R39;1987;Clips e Porta-Chupetas;8.11;1;sim;5.65;-1.03
C - Amazon vende (evitar);12878;P&D (Disney/licenciados);Garrafa Retro Neon C/Alça Fixa 500 Ml Plasútil;B0F1GFCK6G;2003;Copos e Garrafas para Viagem;10.84;1;sim;5.65;0.53
C - Amazon vende (evitar);17451;Baby;Caneca Treinamento com Canudo de Silicone Retrátil Minnie 350 ml Plasútil;B0DV78VKYQ;2091;Copos para Bebês;53.9;1;sim;6.05;24.67
C - Amazon vende (evitar);17436;Baby;Caneca Treinamento com Canudo de Silicone Retrátil Minnie Rosa 350 ml Plasútil;B0DV6KDBZK;2167;Copos para Bebês;36.22;1;sim;5.85;14.8
C - Amazon vende (evitar);18178;P&D (Disney/licenciados);Sanduicheira Decorada Harry Potter Plasútil - Multicor;B0FKCXVKT4;2186;Sanduicheiras;12.99;2;sim;5.65;1.75
C - Amazon vende (evitar);8332;Cozinha & Organização;Travessa Quadrada Duo Chef, Plasútil, 1.5 L;B0797WRDG2;2190;Recipientes para Misturar;16.9;1;sim;5.65;3.98
C - Amazon vende (evitar);8330;Cozinha & Organização;Plasútil Bowl Tigela de Plástico Duo Grande 4L;B0797WMTQK;2190;Recipientes para Misturar;29.9;3;sim;5.65;11.39
C - Amazon vende (evitar);17275;P&D (Disney/licenciados);Garrafa 500 mL Plástico Lúdica Gabby Plasútil;B0DF9BHZQJ;2195;Copos e Garrafas para Viagem;22.76;1;sim;5.65;7.32
C - Amazon vende (evitar);14406;Baby;Kit Higiene, Baby, Trama, 5 peças, Branco, Plasútil;B0CMYLXV7Z;2286;Kits de Higiene e Saúde para Bebês;28.36;3;sim;5.65;10.52
C - Amazon vende (evitar);17448;P&D (Disney/licenciados);Plasútil Kit 4 Potes Forma Moldes Gelatina Sobremesa Minnie Vermelha;B0DWY1LJ78;2337;Fôrmas e Bandejas de Gelo;29.82;1;sim;5.65;11.35
C - Amazon vende (evitar);17446;P&D (Disney/licenciados);Plasútil Kit 4 Potes Forma Moldes Gelatina Sobremesa Minnie Rosa;B0DWY2RB88;2337;Fôrmas e Bandejas de Gelo;21.3;2;sim;5.65;6.49
C - Amazon vende (evitar);2205;Baby;Funil Pequeno, Branco, Plasútil;B07DP8K84S;2348;Produtos Domésticos;5.48;2;sim;5.65;-2.53
C - Amazon vende (evitar);5236;Cozinha & Organização;Plasútil Porta Panetone Chocotone Natal Plástico Decorado Palavras;B07DMCLK1L;2418;Armazenamento de Alimentos;30.33;3;sim;5.85;11.44
C - Amazon vende (evitar);15743;P&D (Disney/licenciados);Copo Decorado Capivara com Canudo 500 ml Plasútil;B0F6VX9CR1;2428;Copos para Bebês;17.99;4;sim;5.65;4.6
C - Amazon vende (evitar);6916;Baby;Plasútil Pote Plástico Pequeno Infantil Mickey Baby Disney 200ml;B07DCNB37F;2517;Organização e Recipientes de Comida para Bebês;7.42;1;sim;5.65;-1.42
C - Amazon vende (evitar);14347;Cozinha & Organização;Pote Trava Mais Retangular 4L C/Escorredor Plasútil;B0C1ZSX6VD;2549;Potes e Porta-Mantimentos;34.16;13;sim;5.85;13.62
C - Amazon vende (evitar);13945;Cozinha & Organização;Plasútil Garrafa Plástica com Tampa Rosca 1 L New York;B0C1ZRQ1J2;2589;Garrafas, Squeezes e Acessórios;23.55;3;sim;5.65;7.77
C - Amazon vende (evitar);18141;P&D (Disney/licenciados);Mini Shakeira Pixar 320 ml Plasútil;B0FL9Z4S8Y;2623;Garrafas, Squeezes e Acessórios;21.52;1;sim;5.65;6.62
C - Amazon vende (evitar);3721;Cozinha & Organização;Plasútil Pote Clic Retangular 430ml;B07DKWW64W;2633;Recipientes e Potes para Alimentos;6.0;1;sim;5.65;-2.23
C - Amazon vende (evitar);17972;P&D (Disney/licenciados);Copo Xícara Retrô Nuance Aurora 250 ml Plasútil;B0F8DFKYMG;2726;Copos para Bebês;11.22;1;sim;5.65;0.75
C - Amazon vende (evitar);13750;Cozinha & Organização;Porta Escova Classic Decorado Plasutil;B0C1ZWKYHW;2800;Porta-Escovas de Dentes;10.51;2;sim;5.65;0.34
C - Amazon vende (evitar);18150;P&D (Disney/licenciados);Organizador Decorado c/Trava Minnie Rosa Plasútil;B0FKCX2Z5H;2845;Organização e Recipientes de Comida para Bebês;32.96;3;sim;5.85;12.94
C - Amazon vende (evitar);4048;Baby;Copo de Treinamento Decorada Menino, 330 ml Plasútil;B0B3S3GVH3;2895;Copos para Bebês;18.99;9;sim;5.65;5.17
C - Amazon vende (evitar);18186;P&D (Disney/licenciados);Mini Shakeira Tom & Jerry Gokko 320 ml Plasútil;B0FL9TLHJR;2959;Garrafas, Squeezes e Acessórios;21.52;2;sim;5.65;6.62
C - Amazon vende (evitar);17280;P&D (Disney/licenciados);Plasútil Pote Marmita Hermética de Plástico com Travas Unicórnio 630 ml;B0DB6BVDRL;2984;Marmitas;18.99;2;sim;5.65;5.17
C - Amazon vende (evitar);17889;P&D (Disney/licenciados);Copo Decorado capivara com Tampa e Bico 270 ml Plasútil;B0F6TRSFXC;3006;Copos para Bebês;7.09;1;sim;5.65;-1.61
C - Amazon vende (evitar);18634;P&D (Disney/licenciados);Plasútil Copo Hello Kitty Canudo Shake Plástico 280 ml;B0H1SFXXBN;3007;Copos e Garrafas de Água;19.9;1;sim;5.65;5.69
C - Amazon vende (evitar);3732;Cozinha & Organização;Lixeira de Pia Plasútil 6.5 l;B07DMDDRL9;3054;Caixas, Cestos e Baús para Organização;33.38;2;sim;5.85;13.18
C - Amazon vende (evitar);5985;Cozinha & Organização;Plasútil Conjunto de Potes Retangulares Pop Pequeno com 5 Uni 150 ml Cada;B07DKX84YQ;3098;Jogos de Armazenamento e Organização de Cozinha;30.6;3;sim;5.85;11.59
C - Amazon vende (evitar);5726;P&D (Disney/licenciados);Garrafa Squeeze Homem-Aranha 300ml, Plasútil;B07D8F6YZS;3181;Copos e Garrafas para Viagem;15.0;1;sim;5.65;2.9
C - Amazon vende (evitar);18636;P&D (Disney/licenciados);Plasútil Lixeira Hello Kitty Lúdica Pequena de mesa 940 ml;B0H1S7LTPC;3262;Organização e Recipientes de Comida para Bebês;29.34;1;sim;5.65;11.07
C - Amazon vende (evitar);6143;Cozinha & Organização;Plasútil Kit Lancheira Patrulha Canina 5 Peças 3 Potes 1 Garrafa Mini Shakeira 1 Sanduicheira;B0GY951L1T;3273;Organização e Recipientes de Comida para Bebês;52.89;1;sim;6.05;24.1
C - Amazon vende (evitar);14470;P&D (Disney/licenciados);Garrafa Abre Fácil, Plástica, Princesas, 530 ml, Plasutil;B0CNY728NP;3357;Garrafas, Squeezes e Acessórios;21.67;7;sim;5.65;6.7
C - Amazon vende (evitar);15068;Cozinha & Organização;Lixeira Empilhável Reciclável E-Black 45L Plasútil;B0F1GCYR8V;3418;Caixas, Cestos e Baús para Organização;187.06;1;sim;54.55;52.07
C - Amazon vende (evitar);8667;Cozinha & Organização;Caixa Organizadora Duo Com 5 Divisórias Plasútil, Branco;B07DVTLGKN;3428;Produtos de Decoração para Casa;8.9;1;sim;5.65;-0.58
C - Amazon vende (evitar);4859;Cozinha & Organização;Plasútil Secador Manual de Folhas Centrífuga Escorredor 4L;B07CFW6DP2;3440;Utensílios e Mexedores de Salada;36.19;10;sim;5.85;14.78
C - Amazon vende (evitar);8174;P&D (Disney/licenciados);Caneca 360 Ml Frozen Plasútil;B07D5T1Y26;3446;Xícaras e Canecas de Café;10.99;4;sim;5.65;0.61
C - Amazon vende (evitar);2822;Cozinha & Organização;Caneca Carros, Preto, 360 ml, Plasútil;B07D7PY861;3446;Xícaras e Canecas de Café;10.99;1;sim;5.65;0.61
C - Amazon vende (evitar);2771;Cozinha & Organização;Plasútil Caixa Organizadora de Plástico com Travas Multiuso 13 L;B077Q4NGW3;3555;Caixas, Cestos e Baús para Organização;60.75;9;sim;6.05;28.58
C - Amazon vende (evitar);18176;P&D (Disney/licenciados);Pote Pipoca Decorado Harry Potter 2,1 L Plasútil - Multicor;B0FKCYLL16;3604;Potes e Porta-Mantimentos;28.71;3;sim;5.65;10.71
C - Amazon vende (evitar);2273;Cozinha & Organização;Lixeira com Pedal 15 L, Plasútil, Branco;B07F248N16;3678;Recipientes para Lixo e Reciclagem;76.9;1;sim;6.05;37.78
C - Amazon vende (evitar);6527;Cozinha & Organização;Plasútil Kit 4 Formas de Plástico Paleta Mexicana Recheada;B078R98RLJ;3699;Ferramentas e Dispositivos Especiais;22.99;2;sim;5.65;7.45
C - Amazon vende (evitar);5341;Feirinhas e Displays;Plasútil Kit Lancheira Homem-aranha Volta Às Aulas 1 Mini Shakeira 3 Potes;B0GY9FKYKY;3726;Organização e Recipientes de Comida para Bebês;57.27;1;sim;6.05;26.59
C - Amazon vende (evitar);3376;P&D (Disney/licenciados);Plasútil Porta Filtro e Café de Plástico com Separação e Colher na Tampa;B07DKT4NJW;3734;Organizadores e Armazenamento para Cozinha;37.86;7;sim;5.85;15.73
C - Amazon vende (evitar);17187;P&D (Disney/licenciados);Plasútil Sanduicheira de Plástico Porta Sanduiche Lancheira Patrulha Canina;B0F1GCJWNC;3792;Organização e Recipientes de Comida para Bebês;14.99;3;sim;5.65;2.89
C - Amazon vende (evitar);2550;Cozinha & Organização;Plasútil Boleira Redonda Tampa Rosca Branca;B07DM872SS;3800;Boleiras;34.08;2;sim;5.85;13.58
C - Amazon vende (evitar);7115;Baby;Plasútil Balde Plástico com Alça Decoração Infantil Rosa 8 L;B07D9ZNV7N;3841;Banheiras e Assentos de Banho para Bebês;44.74;1;sim;5.85;19.65
D - Sem oferta ativa;3719;Cozinha & Organização;Copo 320 Ml Luna Plasútil Branco No Voltagev;B07D73ZMT2;911;Copos e Garrafas de Água;;0;nao;5.65;
D - Sem oferta ativa;9004;Cozinha & Organização;Tigela Duo Chef, Plasútil 520 ml;B07D9SH94R;2190;Recipientes para Misturar;;0;nao;5.65;
D - Sem oferta ativa;17973;P&D (Disney/licenciados);Plasútil Copo Xícara Infantil de Plástico Princesas Bela 250 ml;B0F8DJDZL5;3303;Copos para Bebês;;0;nao;5.65;
