categoria;posicao;ranking_categoria;produto;marca;subcategoria;preco;vendedores;buybox;asin;link
Casa;1;17;Sanremo - Rodo Plástico para Pia de 14cm, Cor Preta Linha Casar;Sanremo;Rodos;6.9;27;Amazon;B0C2HZ8FJ2;https://www.amazon.com.br/dp/B0C2HZ8FJ2
Casa;2;17;Sanremo - Rodo Plástico para Pia de 14cm, Cor Branca, Linha Casar;Sanremo;Rodos;5.58;19;Amazon;B078VJL5CZ;https://www.amazon.com.br/dp/B078VJL5CZ
Casa;3;22;Difusor Elétrico Bom Ar Lavanda e Gerânio Aparelho + Refil 16ml;Air Wick;Aromatizadores de Vareta, Óleos e Acessórios;28.89;6;Amazon;B07FGXYH9G;https://www.amazon.com.br/dp/B07FGXYH9G
Casa;4;30;LYOR - Tapete de Pedra Diatomita para Banheiro Cinza 60cm x 39cm;Lyor;Tapetes para Banheiro;55.17;11;Amazon;B0DNY5FQY3;https://www.amazon.com.br/dp/B0DNY5FQY3
Casa;5;30;LYOR - Tapete de Pedra Diatomita para Banheiro Granilite 60cm x 39cm;Lyor;Tapetes para Banheiro;81.18;6;outro;B0FVHMK2KY;https://www.amazon.com.br/dp/B0FVHMK2KY
Casa;6;32;Esponja Scotch Brite Não Risca c/3 Azul;Scotch-Brite;Esponjas de limpeza de cozinha;9.49;6;Amazon;B07X4TSWJT;https://www.amazon.com.br/dp/B07X4TSWJT
Casa;7;34;Buddemeyer Jogo de Toalhas Melissa Extra Soft Banho Verde/Verde Claro 5pç;Buddemeyer;Jogos de Toalhas de Banho;245.99;1;Amazon;B0DWXVRPB7;https://www.amazon.com.br/dp/B0DWXVRPB7
Casa;8;34;Buddemeyer Jogo de Toalhas Melissa Extra Soft Banho Branco 2 pçs;Buddemeyer;Jogos de Toalhas de Banho;105.0;2;Amazon;B0GM1JRS81;https://www.amazon.com.br/dp/B0GM1JRS81
Casa;9;36;Flash Limp MOP7671 - Mop Limpeza Geral Plus, Verde;Flash Limp;Mops Secos e Molhados para Uso Doméstico;54.88;24;Amazon;B0771R2NF6;https://www.amazon.com.br/dp/B0771R2NF6
Casa;10;38;Scott Duramax Pano Reutilizável em Rolo, Branco, 174 Folhas (3 Unidades de 58 Folhas);Scott;Panos de Limpeza Reutilizáveis;36.22;3;Amazon;B07V7H5VHK;https://www.amazon.com.br/dp/B07V7H5VHK
Casa;11;42;Esponja Esfrelux Leve 4 Pague 3;Santa Maria;Esponjas de limpeza de cozinha;3.98;1;Amazon;B087Y6XTZF;https://www.amazon.com.br/dp/B087Y6XTZF
Casa;12;54;Flash Limp - Kit Com 10 Esponjas Multiuso Poliéster Limpa Sem Riscar - EP1416360-10;Flash Limp;Esponjas de limpeza de cozinha;33.26;8;Amazon;B077XJ9X5Y;https://www.amazon.com.br/dp/B077XJ9X5Y
Casa;13;56;Bom Ar - Refil Difusor Elétrico Lavanda, embalagem promocional.;Air Wick;Aromatizadores de Ambiente;38.69;1;Amazon;B0C9S6BLX4;https://www.amazon.com.br/dp/B0C9S6BLX4
Casa;14;63;Powermaid Balde Retrátil de Silicone Multiuso - com Alça Dobrável - 10 Litros;Powermaid;Baldes para Limpeza;20.9;23;outro;B0CMV47J8J;https://www.amazon.com.br/dp/B0CMV47J8J
Casa;15;64;SCOTCH-BRITE 3M Esponja para Louças Limpeza Extrema Leve 4 Pague 3;Scotch-Brite;Esponjas de limpeza de cozinha;6.9;3;Amazon;B08GQZK4PZ;https://www.amazon.com.br/dp/B08GQZK4PZ
Casa;16;67;Buddemeyer Travesseiro 50x70cm, Toque de Pluma Algodão Branco;Buddemeyer;Travesseiros Padrão;112.42;15;Amazon;B07BDNVZ4W;https://www.amazon.com.br/dp/B07BDNVZ4W
Casa;17;67;Buddemeyer Kit Travesseiro 50x70cm Toque de Pluma Algodão Branco 2 peças;Buddemeyer;Travesseiros Padrão;237.91;7;Amazon;B08FKXFYYM;https://www.amazon.com.br/dp/B08FKXFYYM
Casa;18;68;Varal De Chão 3 Andares Grande de Roupas Dobrável Regulável Retrátil com Rodinhas e Ganchos Compacto (PRETO);KONTUZ;Varais;69.2;3;outro;B0CVNK6PDX;https://www.amazon.com.br/dp/B0CVNK6PDX
Casa;19;68;Varal De Chão 3 Andares Grande de Roupas Dobrável Regulável Retrátil com Rodinhas e Ganchos Compacto (TODO PRETO);KONTUZ;Varais;74.93;2;outro;B0DDF6S66V;https://www.amazon.com.br/dp/B0DDF6S66V
Casa;20;68;Super Varal de Chão Grande 3 Andares Regulável Dobrável Com Rodas Camiseta Toalha Calça;KONTUZ;Varais;76.9;1;outro;B0C1HNKQLR;https://www.amazon.com.br/dp/B0C1HNKQLR
Cozinha;1;1;Electrolux, Pote Hermetico, 12 unidades, A23122901, cinza;Electrolux;Jogos de Armazenamento e Organização de Cozinha;87.69;3;Amazon;B09XJL4B9H;https://www.amazon.com.br/dp/B09XJL4B9H
Cozinha;2;7;Panela de Pressão Tramontina Vancouver Effect em Alumínio com Revestimento Interno e Externo em Antiaderente Starflon Max Preto 20 cm 4,5 L;Tramontina;Panelas de Pressão;186.67;48;Amazon;B0CD4SCM33;https://www.amazon.com.br/dp/B0CD4SCM33
Cozinha;3;12;Stanley Garrafa Térmica Quick Flip Black 710ml;Stanley;Garrafas para Bebidas Térmicas;167.62;6;Amazon;B0HF1LQFDD;https://www.amazon.com.br/dp/B0HF1LQFDD
Cozinha;4;12;Stanley Garrafa Térmica Quick Flip Rose Quartz 710ml;Stanley;Garrafas para Bebidas Térmicas;234.0;2;Amazon;B0DCWT7ZZM;https://www.amazon.com.br/dp/B0DCWT7ZZM
Cozinha;5;14;Kit 10 Potes de Vidro Herméticos 640ml com Tampa e 4 Travas | Marmitas Reutilizáveis | Vedação Total | Refratário para Forno, Micro-ondas, Freezer e G;GATAO;Potes e Porta-Mantimentos;84.2;2;outro;B0H51V6GGM;https://www.amazon.com.br/dp/B0H51V6GGM
Cozinha;6;15;Kit 12 Utensílios De Cozinha Em Silicone E Cabo De Madeira Jogo De Utensílios Resistente ao Calor Antiaderente Premium GAXMARK;Gaxmark;Colheres de Pau e de Cozinha;33.99;107;outro;B0CKWDY274;https://www.amazon.com.br/dp/B0CKWDY274
Cozinha;7;19;Frigideira Rochedo Facilita Vermelho 24cm com Antiaderente Resist - Limpa Fácil e Dura Mais, reforçado com partículas minerais, Thermo-Sinal e Cabos R;Rochedo;Fritadeiras e Frigideiras;50.04;2;Amazon;B0DLJF5D89;https://www.amazon.com.br/dp/B0DLJF5D89
Cozinha;8;21;Stanley Garrafa Térmica Aerolight Transit Rose Quartz 591ml;Stanley;Garrafas para Bebidas Térmicas;162.9;7;Amazon;B0CZPVDMVD;https://www.amazon.com.br/dp/B0CZPVDMVD
Cozinha;9;21;Stanley Garrafa Térmica Aerolight Transit Black 591ml;Stanley;Garrafas para Bebidas Térmicas;165.68;6;Amazon;B0FR5D4ZYY;https://www.amazon.com.br/dp/B0FR5D4ZYY
Cozinha;10;22;Kit 10 Potes de Vidro Borossilicato 640ml Herméticos com 4 Travas Ideal para Marmitas e Conservação de Alimentos, Vedação Total, Refratário para Forno;Genérico;Potes e Porta-Mantimentos;87.89;1;outro;B0GSH6DCCJ;https://www.amazon.com.br/dp/B0GSH6DCCJ
Cozinha;11;22;Kit 5 Potes de Vidro Borossilicato 640ml Herméticos com 4 Travas Ideal para Marmitas e Conservação de Alimentos, Vedação Total, Refratário para Forno ;Genérico;Potes e Porta-Mantimentos;48.0;1;outro;B0GXGTZF1M;https://www.amazon.com.br/dp/B0GXGTZF1M
Cozinha;12;23;Tramontina JOGO FACAS INOX 4PC PLENUS PRE, Preto;Tramontina;Jogos de Facas;34.9;37;Amazon;B09XFD2YMF;https://www.amazon.com.br/dp/B09XFD2YMF
Cozinha;13;37;Frigideira Rochedo Stone Pro 24cm Preto com Efeito Pedra e Antiaderente Minerium, Alta Resistência e Durabilidade, Cabos Ergonômicos para Maior Segura;Rochedo;Fritadeiras e Frigideiras;71.9;3;Amazon;B0DKG4VZ3Q;https://www.amazon.com.br/dp/B0DKG4VZ3Q
Cozinha;14;38;Filtro de Papel 103 Melitta 30 Unidades;Melitta;Filtros de Cafeteira;3.99;11;Amazon;B00EV5DLL0;https://www.amazon.com.br/dp/B00EV5DLL0
Cozinha;15;43;WOLFF - Garrafa Térmica de Plástico com Cabo de Madeira Nórdica 1L Branca - Mesa Posta - Itens Para Casa - Utensílios de Cozinha - Perfeita Para Café ;WOLFF;Frascos Térmicos para Bebidas;47.03;13;Amazon;B09CC39PR1;https://www.amazon.com.br/dp/B09CC39PR1
Cozinha;16;46;MODUS Garrafa Térmica Esportiva De Inox Com Isolamento A Vácuo 950ML;CADINA;Garrafas para Bebidas Térmicas;66.0;3;outro;B0F89VV1YS;https://www.amazon.com.br/dp/B0F89VV1YS
Cozinha;17;46;MODUS Garrafa Térmica Esportiva De Inox Com Isolamento A Vácuo 950ML;CADINA;Garrafas para Bebidas Térmicas;76.9;3;outro;B0FXZQ8VKB;https://www.amazon.com.br/dp/B0FXZQ8VKB
Cozinha;18;48;Faqueiro Tramontina Búzios em Aço Inox com Detalhe 24 Peças;Tramontina;Talheres;67.66;60;Amazon;B0789M146B;https://www.amazon.com.br/dp/B0789M146B
Cozinha;19;51;Garrafa Térmica 1L Escandinávia Nude com Cabo de Madeira | Design Minimalista Premium | Conserva Bebidas Quentes e Frias | Mesa Posta Elegante para Ca;GATAO;Garrafas para Bebidas Térmicas;29.9;1;outro;B0HJ6G42R8;https://www.amazon.com.br/dp/B0HJ6G42R8
Cozinha;20;52;Kit 10 Potes de Vidro Borossilicato 640 ml Retangulares com Tampa Hermética 4 Travas, Marmitas Premium Empilháveis para Freezer Geladeira Micro-ondas ;RHEAD RED HIGH END STUDIOS;Potes e Porta-Mantimentos;74.99;1;outro;B0HJBDQ3K7;https://www.amazon.com.br/dp/B0HJBDQ3K7
Ferramentas e Materiais de Construção;1;1;WAP Parafusadeira e Furadeira à Bateria 12V BPF-12K3, Kit de 13 Acessórios e Maleta, Empunhadura Emborrachada, Bivolt;WAP;Furadeiras de Combinação Elétricas;149.0;8;Amazon;B09V1SM8QB;https://www.amazon.com.br/dp/B09V1SM8QB
Ferramentas e Materiais de Construção;2;3;SCOTCH 3M Fita Dupla-face Fixa Forte Extrema 24 mm x 2 m 1 Unidade;Scotch;Fitas Dupla Face para Fixar;31.1;19;Amazon;B0779BRVVS;https://www.amazon.com.br/dp/B0779BRVVS
Ferramentas e Materiais de Construção;3;6;Furadeira e Parafusadeira Sem Fio 48V com 2 Baterias Recarregáveis, Maleta e Kit de Acessórios, Controle de Torque, Velocidade Variável e LED – Uso Do;RHEAD RED HIGH END STUDIOS;Furadeiras de Impacto;94.72;2;outro;B0GMYQN74L;https://www.amazon.com.br/dp/B0GMYQN74L
Ferramentas e Materiais de Construção;4;7;Vonder, Fita Crepe 24 Mm X 50 M.;VONDER;Fita Crepe;6.87;3;Amazon;B07GH8YBGB;https://www.amazon.com.br/dp/B07GH8YBGB
Ferramentas e Materiais de Construção;5;8;Sparta Maleta de ferramentas kit com 129 peças;SPARTA;Kits de Ferramentas Manuais;105.0;8;outro;B076N2S8FV;https://www.amazon.com.br/dp/B076N2S8FV
Ferramentas e Materiais de Construção;6;8;Sparta Maleta de ferramentas kit com 165 peças;SPARTA;Caixas de Ferramentas;78.22;4;Amazon;B0BBJPCMQM;https://www.amazon.com.br/dp/B0BBJPCMQM
Ferramentas e Materiais de Construção;7;11;"WAP Parafusadeira Furadeira de Impacto à Bateria 3/8"" 12V WF 12K4.2 com 18 Níveis de Torque e Kit Acessórios e Maleta";WAP;Furadeiras de Impacto;159.99;3;outro;B0F2JMYPQ9;https://www.amazon.com.br/dp/B0F2JMYPQ9
Ferramentas e Materiais de Construção;8;13;Tramontina Conjunto 2 Tomadas 2P+T 10A 250 V 4x2 Lux2 Branco;Tramontina;Tomadas Elétricas;14.33;6;Amazon;B075X3QLR8;https://www.amazon.com.br/dp/B075X3QLR8
Ferramentas e Materiais de Construção;9;13;Tramontina Conjunto 3 Tomadas 2P+T 10A 250 V 4x2 Lux2 Branco;Tramontina;Tomadas Elétricas;16.56;5;Amazon;B0789R7C2M;https://www.amazon.com.br/dp/B0789R7C2M
Ferramentas e Materiais de Construção;10;13;Tramontina Conjunto 2 Tomadas 2P+T 20 A 250 V 4x2 Lux2 Branco;Tramontina;Tomadas Elétricas;17.84;5;Amazon;B075X3NYJK;https://www.amazon.com.br/dp/B075X3NYJK
Ferramentas e Materiais de Construção;11;14;SCOTCH 3M Fita de Empacotamento Transparente 45 mm x 45 m 4 Rolos;Scotch;Fita de Empacotamento;24.4;13;Amazon;B017KU45CG;https://www.amazon.com.br/dp/B017KU45CG
Ferramentas e Materiais de Construção;12;14;SCOTCH 3M Fita de Empacotamento Marrom 45 mm x 45 m 4 Rolos;Scotch;Fita de Empacotamento;39.0;5;outro;B077J2JH1C;https://www.amazon.com.br/dp/B077J2JH1C
Ferramentas e Materiais de Construção;13;17;WAP Parafusadeira e Furadeira a Bateria Li-Ion 12V BPF 12K3 BLACK Carregador Bivolt com Maleta e Kit de 13 Acessórios;WAP;Furadeiras de Combinação Elétricas;153.58;3;Amazon;B0DB61V6L6;https://www.amazon.com.br/dp/B0DB61V6L6
Ferramentas e Materiais de Construção;14;19;SCOTCH 3M Fita de Empacotamento Corta Fácil 45 mm x 40m 1 Rolo;Scotch;Fita de Empacotamento;11.1;7;Amazon;B078KL8GYF;https://www.amazon.com.br/dp/B078KL8GYF
Ferramentas e Materiais de Construção;15;20;FECHADURA DIGITAL DE SOBREPOR FD1000, intelbras;intelbras;Fechaduras de Embutir para Porta;249.0;9;outro;B08MV1F8VV;https://www.amazon.com.br/dp/B08MV1F8VV
Ferramentas e Materiais de Construção;16;22;Luva Nitrilica Preta Premium | Sem Pó Antiderrapante | 100 Unidades Descartável | P, M e G (M);Yongxinsheng;Luvas Caixa Seca;32.9;3;outro;B0F61QC5SR;https://www.amazon.com.br/dp/B0F61QC5SR
Ferramentas e Materiais de Construção;17;23;Luva Nitrilica Preta Linha Super Premium Totalmente Sem Pó Antiderrapante Moderna Com 100 Unidades Descartável | P M ou (G);Genérico;Luvas Caixa Seca;26.9;1;outro;B0G1KFSRCQ;https://www.amazon.com.br/dp/B0G1KFSRCQ
Ferramentas e Materiais de Construção;18;25;Tomada Inteligente Wi Fi Bivolt Smart Plug Com Monitor De Consumo Compatível Com Alexa Google Home App Tuya Smart Life Automação Residencial Linha A P;RHEAD RED HIGH END STUDIOS;Tomadas Elétricas;35.9;1;outro;B0GFP98GKF;https://www.amazon.com.br/dp/B0GFP98GKF
Ferramentas e Materiais de Construção;19;27;EKAZA, Tomada Inteligente 16A, WI-FI, Com medidor de consumo, Compatível com Alexa e Google Assistente – T005;EKAZA;Tomadas Elétricas;47.99;11;outro;B085W72XZK;https://www.amazon.com.br/dp/B085W72XZK
Ferramentas e Materiais de Construção;20;28;Mor - Escada Banqueta Alumínio;MOR;Escadas;160.9;18;Amazon;B0776VVM73;https://www.amazon.com.br/dp/B0776VVM73
Esporte;1;2;Kit 5 Faixas Elásticas Elásticos Alongamento Pilates Yoga Exercícios Condicionamento Físico Yoga Saúde Relaxamento Academia Músculos Personal Trainer ;Serenily;Elásticos para Exercício;6.19;49;outro;B07KQMVYKL;https://www.amazon.com.br/dp/B07KQMVYKL
Esporte;2;3;Nathor Charm, Nathor;Nathor;Bicicletas de Asfalto para Crianças;189.9;16;outro;B083KMF7PG;https://www.amazon.com.br/dp/B083KMF7PG
Esporte;3;6;Acte, Kit Mini Band Leve, Médio e Forte em Látex para Treino Funcional e Reabilitação, T71;Acte;Elásticos para Exercício;35.0;8;outro;B07G4L9SRV;https://www.amazon.com.br/dp/B07G4L9SRV
Esporte;4;7;Bola Futsal Penalty RX 500 XXIII, Branco e Azul, Único;Penalty;Bolas de futsal;96.88;8;Amazon;B0CCG7139R;https://www.amazon.com.br/dp/B0CCG7139R
Esporte;5;8;Kit Halteres Ajustável 6 em 1 15kg Multifuncional com Barra, Kettlebell e Suporte para Flexões | Musculação Completa para Casa;GATAO;Halteres e Pesos para Exercícios e Academia;139.99;2;outro;B0H9Z27QS6;https://www.amazon.com.br/dp/B0H9Z27QS6
Esporte;6;13;Corda de pular, cabo de salto rápido sem emaranhados com rolamentos de esferas para mulheres, homens e crianças, alças de espuma ajustáveis cordas de ;Loocio;Cordas de Pular;8.35;29;outro;B09DF9NWC7;https://www.amazon.com.br/dp/B09DF9NWC7
Esporte;7;13;Corda de pular para velocidade rápida, sem emaranhados, com rolamentos de esferas, corda de aço ajustável para treino com manoplas de espuma, para fit;Loocio;Cordas de Pular;13.9;6;outro;B0C4HKJ8JH;https://www.amazon.com.br/dp/B0C4HKJ8JH
Esporte;8;13;Corda de pular Loocio velocidade rápida, sem emaranhados, com rolamentos de esferas, de aço, ajustável, manoplas de espuma, para fitness, adultos e cr;Loocio;Cordas de Pular;26.0;6;outro;B09WF67RQ7;https://www.amazon.com.br/dp/B09WF67RQ7
Esporte;9;17;Bola de Tênis Wilson Championship Extra Duty;Wilson;Bolas de tênis;49.9;27;Amazon;B07FP3Q6P8;https://www.amazon.com.br/dp/B07FP3Q6P8
Esporte;10;19;Mor - Caixa Térmica 34 Litros Azul;MOR;Coolers e Bolsas Térmicas para Acampamento;85.99;30;Amazon;B076BCQ58V;https://www.amazon.com.br/dp/B076BCQ58V
Esporte;11;19;Mor - Caixa Térmica 34 Litros Vermelha;MOR;Coolers e Bolsas Térmicas para Acampamento;109.99;18;Amazon;B077SNTWKM;https://www.amazon.com.br/dp/B077SNTWKM
Esporte;12;19;Mor - Caixa Térmica 34 Litros Cinza;MOR;Coolers e Bolsas Térmicas para Acampamento;150.1;8;Amazon;B092FW1Q6X;https://www.amazon.com.br/dp/B092FW1Q6X
Esporte;13;20;COQUETELEIRA DUX - FUME;Dux Nutrition Lab;Garrafas, Squeezes e Acessórios;19.92;13;outro;B08VPS711D;https://www.amazon.com.br/dp/B08VPS711D
Esporte;14;22;Óculos de Natação Olympic Mirror, Hammerhead, Adulto Unissex, Espelhado/Dourado;Hammerhead;Óculos de Natação;119.9;4;Amazon;B07MFW9M9G;https://www.amazon.com.br/dp/B07MFW9M9G
Esporte;15;22;Óculos de Natação Olympic Mirror, Hammerhead, Adulto Unissex, Espelhado/Prata;Hammerhead;Óculos de Natação;106.0;7;Amazon;B07MJHJ4MF;https://www.amazon.com.br/dp/B07MJHJ4MF
Esporte;16;27;Bola Umbro Neo Swerve Lnf Futsal Branca, 4;Umbro;Bolas de futsal;89.9;3;Amazon;B0GJG4TWLQ;https://www.amazon.com.br/dp/B0GJG4TWLQ
Esporte;17;27;Bola Umbro Neo Swerve Team FB Campo Branca;Umbro;Bolas de jogo de futebol;64.9;2;Amazon;B0GJGCZ1XX;https://www.amazon.com.br/dp/B0GJGCZ1XX
Esporte;18;29;Mini Bola De Exercicios Cinza 25cm;VOLLO;Bolas de Peso para Treino de Força;16.9;20;Amazon;B084BKPMKL;https://www.amazon.com.br/dp/B084BKPMKL
Esporte;19;31;Acte, Rolo Liberação Miofascial T141, 33cm, Yoga, Pilates e Fisioterapia - Preto e Laranja;Acte;Rolos de Treino de Equilíbrio;49.69;11;outro;B07G4K9K32;https://www.amazon.com.br/dp/B07G4K9K32
Esporte;20;31;Acte, Rolo de Liberação Miofascial Rolo de Massagem 34cm T141-R - Rosa;Acte;Rolos de Treino de Equilíbrio;62.9;4;Amazon;B0BHFJ3V59;https://www.amazon.com.br/dp/B0BHFJ3V59
Pet Shop;1;1;Bravecto® 250mg Antipulgas e Carrapatos para Cães de 4,5 a 10kg – 1 Comprimido Mastigável;BRAVECTO;Dog Pulga Drops;136.42;29;Amazon;B07J4J9XKZ;https://www.amazon.com.br/dp/B07J4J9XKZ
Pet Shop;2;2;Viva Verde Areia Higiênica Biodegradável para Gatos Grãos Finos 4kg;Viva Verde;Areia para Gatos;53.54;27;Amazon;B07YP1K82Z;https://www.amazon.com.br/dp/B07YP1K82Z
Pet Shop;3;3;Tapete Higiênico Premium para cães Petlike Ultrapads Aroma Lavanda 80cmx60cm 30 unid.;PetLike;Tapetes Higiênicos Treinamento Cães Descartáveis;49.65;35;outro;B07PZWDZT9;https://www.amazon.com.br/dp/B07PZWDZT9
Pet Shop;4;3;Tapete Higiênico Premium para cães Petlike Ultrapads Aroma Lavanda 60cmx60cm 30 unid.;PetLike;Tapetes Higiênicos Treinamento Cães Descartáveis;34.43;17;Amazon;B0DW8QMN98;https://www.amazon.com.br/dp/B0DW8QMN98
Pet Shop;5;4;Scalibor® 19g - Coleira Antiparasitária contra mosquitos vetores da Leishmaniose - Cães porte médio 48cm - MSD Saúde Animal;Scalibor;Coleiras de pulgas de cão;57.31;20;Amazon;B07Y5NF2FZ;https://www.amazon.com.br/dp/B07Y5NF2FZ
Pet Shop;6;5;Pipicat Granulado Sanitario Classic 4 kg;Pipicat;Areia para Gatos;13.96;34;Amazon;B07HFFX8V9;https://www.amazon.com.br/dp/B07HFFX8V9
Pet Shop;7;5;Pipicat Granulado Sanitario Classic 12 kg;Pipicat;Areia para Gatos;38.8;17;outro;B07Y2DVRSZ;https://www.amazon.com.br/dp/B07Y2DVRSZ
Pet Shop;8;6;Chalesco Tapete Higiênico Premium para Cães 90 x 60 cm – Super Absorção, Controle de Odores e Base Antivazamento | 50 Unidades;Chalesco;Tapetes Higiênicos Treinamento Cães Descartáveis;97.5;44;outro;B07WRS2BQ5;https://www.amazon.com.br/dp/B07WRS2BQ5
Pet Shop;9;6;Chalesco Tapete Higiênico Premium para Cães 90 x 60 cm – Super Absorção, Controle de Odores e Base Antivazamento | 7 Unidades;Chalesco;Tapetes Higiênicos Treinamento Cães Descartáveis;19.9;13;outro;B07WRS2V1M;https://www.amazon.com.br/dp/B07WRS2V1M
Pet Shop;10;7;Pack Ração Úmida Whiskas Sachê Carne/Frango/Atum para Gatos Adultos - Leve 24 Pague 18;whiskas;Alimentos para gatos enlatados;59.42;2;Amazon;B0F96F3CXL;https://www.amazon.com.br/dp/B0F96F3CXL
Pet Shop;11;7;Pack Ração Úmida Whiskas Sachê Carne/Frango e Sheba Atum para Gatos Adultos - Leve 9 Pague 7;whiskas;Ração Úmida para Gatos;19.28;1;Amazon;B0F96973CR;https://www.amazon.com.br/dp/B0F96973CR
Pet Shop;12;8;Bionature Areia Higiênica para Gatos Biodegradável Wisecat 4kg;Wisecat;Areia para Gatos;38.45;23;Amazon;B0DM6WQ1CY;https://www.amazon.com.br/dp/B0DM6WQ1CY
Pet Shop;13;8;Bionature Areia Higiênica para Gatos Biodegradável Wisecat 10kg;Wisecat;Areia para Gatos;94.9;17;outro;B0DM6YQ56M;https://www.amazon.com.br/dp/B0DM6YQ56M
Pet Shop;14;8;Bionature Areia Higiênica para Gatos Biodegradável Wisecat 2kg;Wisecat;Areia para Gatos;21.1;19;outro;B0DM6YP7V2;https://www.amazon.com.br/dp/B0DM6YP7V2
Pet Shop;15;9;Dreamies Petisco Carne Tentadora Gatos Adultos 150G;Dreamies;Petiscos Importados para Gatos;17.69;13;Amazon;B0BWQ5VHJQ;https://www.amazon.com.br/dp/B0BWQ5VHJQ
Pet Shop;16;9;Dreamies - Petisco Para Gatos, Carne, Adultos, 40g;Dreamies;Ração Seca para Gatos;6.99;8;Amazon;B07XQ6SFJ6;https://www.amazon.com.br/dp/B07XQ6SFJ6
Pet Shop;17;9;Dreamies Petisco Salmão Irresistível Gatos Adultos 80G;Dreamies;Crunchy Cat Treats;11.49;10;Amazon;B0BWPHW5CT;https://www.amazon.com.br/dp/B0BWPHW5CT
Pet Shop;18;10;NexGard Antipulgas e Carrapatos para Cães de 4,1 a 10kg, 1 tablete;Nexgard;Dog Pulga Drops;61.89;37;Amazon;B07XZDZWTG;https://www.amazon.com.br/dp/B07XZDZWTG
Pet Shop;19;10;NexGard Antipulgas e Carrapatos para Cães de 10,1 a 25kg - 1 tablete;Nexgard;Dog Pulga Drops;72.06;34;outro;B07MZZMXPC;https://www.amazon.com.br/dp/B07MZZMXPC
Pet Shop;20;10;NexGard Antipulgas e Carrapatos para Cães de - 1 tablete;Nexgard;Dog Pulga Drops;78.99;30;outro;B07XZG1MP3;https://www.amazon.com.br/dp/B07XZG1MP3
Beleza;1;1;Argan Óleo Reparador 50ml , Lola Cosmetics;Lola;Óleos para Tratamento do Cabelo;14.8;22;Amazon;B07SBXMSGB;https://www.amazon.com.br/dp/B07SBXMSGB
Beleza;2;3;L'Oréal Paris Elseve Óleo Extraordinário Finalizador Capilar, Nutrição Profunda com 6 Óleos Preciosos, Anti-Frizz, Proteção Térmica até 230°C, Brilho ;L'Oreal Paris;Óleos para Tratamento do Cabelo;37.48;50;Amazon;B07H113TPQ;https://www.amazon.com.br/dp/B07H113TPQ
Beleza;3;7;Máscara de Tratamento Elseve L'Oréal Paris Colágeno Encorpador 300g;L'Oreal Paris;Cremes de Hidratação Profunda de Cabelo;30.9;19;Amazon;B0G45KPX15;https://www.amazon.com.br/dp/B0G45KPX15
Beleza;4;9;Máscara Acidificante de Equilíbrio do pH 250g | Amend Essencial;Amend;Máscaras para Tratamento do Cabelo;37.7;27;Amazon;B0DJMP5Z6Z;https://www.amazon.com.br/dp/B0DJMP5Z6Z
Beleza;5;10;Morte Súbita Máscara Super Hidratante 450g , Lola Cosmetics;Lola;Máscaras para Tratamento do Cabelo;30.5;36;Amazon;B074LTNQBP;https://www.amazon.com.br/dp/B074LTNQBP
Beleza;6;11;Secret Desodorante Antitranspirante em Gel Proteção de Algodão 73 g;Secret;Desodorante Antitranspirante;27.9;6;Amazon;B0F3K1H34H;https://www.amazon.com.br/dp/B0F3K1H34H
Beleza;7;12;Sérum Hidratante Corporal Para Pele com Tom Irregular 48h de Hidratação Regenerativa Dove Dermo Renovador Niacinamida Redutor de Marcas Escurecidas Cl;Dove;Cremes Corporais;29.89;21;Amazon;B0D8RHX3C6;https://www.amazon.com.br/dp/B0D8RHX3C6
Beleza;8;16;Hidratante Facial Neutrogena Hydro Boost Water Gel, Refil, 50g;Neutrogena;Hidratantes Faciais;48.99;17;Amazon;B0CB716LLZ;https://www.amazon.com.br/dp/B0CB716LLZ
Beleza;9;17;Danos Vorazes Óleo Reparador 50ml , Lola Cosmetics;Lola;Óleos para Tratamento do Cabelo;21.9;19;Amazon;B09GHN14FP;https://www.amazon.com.br/dp/B09GHN14FP
Beleza;10;18;Shampoo de Glicerina Johnson's Baby, 400ml;Johnson's Baby;Shampoos para Cabelo;20.99;39;Amazon;B07DHRPTPB;https://www.amazon.com.br/dp/B07DHRPTPB
Beleza;11;20;Skin Care Hidratante Facial Garnier Uniform & Matte Toque Seco 85g;Garnier;Hidratantes Faciais;28.2;27;Amazon;B0DP82WCWS;https://www.amazon.com.br/dp/B0DP82WCWS
Beleza;12;20;Hidratante Facial Garnier Uniform & Matte Gel Creme Toque Seco, 85g;Garnier;Hidratantes Faciais;28.92;21;Amazon;B0GRCS1DNN;https://www.amazon.com.br/dp/B0GRCS1DNN
Beleza;13;20;Garnier Hidratante Facial Antiacne Toque Seco com Ácido Salicílico 85g;Garnier;Hidratantes Faciais;29.9;19;Amazon;B0DP82JTQH;https://www.amazon.com.br/dp/B0DP82JTQH
Beleza;14;21;Dove Sabonete em Barra Original 90g 6 Unidades;Dove;Sabonetes;25.99;28;Amazon;B07LFFGZ93;https://www.amazon.com.br/dp/B07LFFGZ93
Beleza;15;21;Dove Sabonete Em Barra Branco 90G - 8 Unidades;Dove;Sabonetes;32.99;6;Amazon;B088Z64C82;https://www.amazon.com.br/dp/B088Z64C82
Beleza;16;22;NIVEA Sabonete em Barra Creme Care Promo 6 un. 90g - Limpa e deixa a pele macia mesmo após o banho, com glicerina, fragrância NIVEA Creme e o exclusiv;NIVEA;Sabonetes;21.99;10;Amazon;B08VGBZGWV;https://www.amazon.com.br/dp/B08VGBZGWV
Beleza;17;26;Protetor Solar Facial Neutrogena Sun Fresh Derm Care, Sem Cor, FPS 70, 40g;Neutrogena;Protetores Solares Faciais;47.9;26;Amazon;B08NVMP2YZ;https://www.amazon.com.br/dp/B08NVMP2YZ
Beleza;18;26;Protetor Solar Facial Neutrogena Sun Fresh, Pele Clara, FPS 70, 40g;Neutrogena;Protetores Solares Faciais;50.26;10;Amazon;B08NVNRH6H;https://www.amazon.com.br/dp/B08NVNRH6H
Beleza;19;28;Secret Desodorante Antitranspirante em Gel Lavanda 73g;Secret;Desodorante Antitranspirante;19.99;5;Amazon;B0F3K8RJ7R;https://www.amazon.com.br/dp/B0F3K8RJ7R
Beleza;20;30;Granado Colônia Terrapeutics, Cardamomo E Gengibre, 230ml;Granado;Perfumes Masculinos;65.99;18;Amazon;B07SSMCZ7Z;https://www.amazon.com.br/dp/B07SSMCZ7Z
Saúde e Bem-Estar;1;13;Max Titanium Creatina Pote Monohidratada (300g) 100% Pura;Max Titanium;Vitaminas, Minerais e Suplementos;37.3;41;Amazon;B07DVJC66X;https://www.amazon.com.br/dp/B07DVJC66X
Saúde e Bem-Estar;2;14;Creatina Pura Dark Lab, Monohidratada 100% de Pureza, Sem Glúten, Sem Sabor (500g);Dark Lab;Vitaminas, Minerais e Suplementos;49.9;2;outro;B0CF71CJ2L;https://www.amazon.com.br/dp/B0CF71CJ2L
Saúde e Bem-Estar;3;14;Creatina Pura Dark Lab, Monohidratada 100% de Pureza, Sem Glúten, Sem Sabor (1kg);Dark Lab;Vitaminas, Minerais e Suplementos;78.9;1;outro;B0CDNJ3S3D;https://www.amazon.com.br/dp/B0CDNJ3S3D
Saúde e Bem-Estar;4;15;Colgate Slim Soft Black Escova de Dente Macia, 4 Unidades;Colgate;Escovas de Dente;23.87;14;Amazon;B08K4HMYHH;https://www.amazon.com.br/dp/B08K4HMYHH
Saúde e Bem-Estar;5;15;Colgate Slim Soft Black Escova de Dente Macia, 6 Unidades;Colgate;Escovas de Dente;31.92;2;Amazon;B0BHJK4SHJ;https://www.amazon.com.br/dp/B0BHJK4SHJ
Saúde e Bem-Estar;6;15;Colgate Slim Soft Black Premium Escova de Dente, 2 Unidades;Colgate;Escovas de Dente;16.99;14;Amazon;B010191BU2;https://www.amazon.com.br/dp/B010191BU2
Saúde e Bem-Estar;7;17;Vitafor - Omegafor Plus- 120 Cápsulas;Vitafor;Óleos e Ácidos Graxos;136.12;60;Amazon;B07L5W6GVC;https://www.amazon.com.br/dp/B07L5W6GVC
Saúde e Bem-Estar;8;20;Growth Supplements - Creatina 500g Pouch Treino Musculação Dieta Alta Performance - Growth Supplements;Growth Supplements;Multivitamínicos;59.9;1;outro;B0HDFV9XDD;https://www.amazon.com.br/dp/B0HDFV9XDD
Saúde e Bem-Estar;9;22;Integralmedica Creatina em Pó Hardcore 100% Pura e Monohidratada 300g;Integralmédica;Suplementos e Pré-Treino;42.9;74;outro;B07L5WFHXW;https://www.amazon.com.br/dp/B07L5WFHXW
Saúde e Bem-Estar;10;22;Integralmedica Creatina Hardcore Monohidratada em Pó Pouch 1kg;Integralmedica;Suplementos para Resistência e Energia;118.84;13;Amazon;B07S76XMR7;https://www.amazon.com.br/dp/B07S76XMR7
Saúde e Bem-Estar;11;22;Integralmedica Creatina Hardcore 150g 100% Pura Monohidratada;Integralmedica;Suplementos para Resistência e Energia;29.9;35;Amazon;B07L5VVJ83;https://www.amazon.com.br/dp/B07L5VVJ83
Saúde e Bem-Estar;12;25;Vitafor - Omegafor Plus - 240 Cápsulas;Vitafor;Óleos e Ácidos Graxos;221.89;28;Amazon;B09BDJ5V5D;https://www.amazon.com.br/dp/B09BDJ5V5D
Saúde e Bem-Estar;13;26;Ômega 3 EPA DHA 1g (120 Caps), VitaFor;Vitafor;Óleos e Ácidos Graxos;95.87;48;Amazon;B07939CW22;https://www.amazon.com.br/dp/B07939CW22
Saúde e Bem-Estar;14;27;Creatina Monohidratada Sem Sabor - Pote 300g - Suplementação Treino Academia, Ganho Muscular Hipertrofia, Força Energia Resistência, Suplementos Natur;Dux Human Health;Suplementos e Pré-Treino;50.9;86;Amazon;B0BHL6FKYY;https://www.amazon.com.br/dp/B0BHL6FKYY
Saúde e Bem-Estar;15;28;Fio Dental Reach Essencial, 100m, Menta, 1 Unidade;REACH;Fios Dentais;13.66;13;Amazon;B07DKJSCBQ;https://www.amazon.com.br/dp/B07DKJSCBQ
Saúde e Bem-Estar;16;32;Creatina Monohidratada 1Kg - 100% Pura Importada - Soldiers Nutrition;Soldiers Nutrition;Suplementos para Resistência e Energia;72.9;2;outro;B0BL5CSRBM;https://www.amazon.com.br/dp/B0BL5CSRBM
Saúde e Bem-Estar;17;36;Kess, Pack com 3 Escovas Dentais Pro Extra Macias, Cores Sortidas;Belliz;Escovas de Dente;27.9;13;Amazon;B09VC1CN14;https://www.amazon.com.br/dp/B09VC1CN14
Saúde e Bem-Estar;18;44;Oral B Iconic Premium, escova de dentes, 3 unidades;Oral-B;Escovas de Dente;28.53;6;Amazon;B0F7J4VXKN;https://www.amazon.com.br/dp/B0F7J4VXKN
Saúde e Bem-Estar;19;47;Sensodyne Escova de Dente Extra Macia, Gentle, para Dentes Sensíveis, 3 unidades;Sensodyne;Escovas de Dente;35.99;3;Amazon;B09G8FZJS2;https://www.amazon.com.br/dp/B09G8FZJS2
Saúde e Bem-Estar;20;50;G-Tech BSP11, Aparelho de Pressão Digital Automático de Braço(22-36cm);G.Tech;Monitores;95.87;72;Amazon;B07CVYFTBX;https://www.amazon.com.br/dp/B07CVYFTBX
Bebês;1;1;Fralda Turma da Mônica Baby Jumbo M 28 Unidades;Turma da Mônica;Fraldas de Bebê Descartáveis;19.99;7;Amazon;B099KXW911;https://www.amazon.com.br/dp/B099KXW911
Bebês;2;1;Fralda Turma da Mônica Baby Mega P 62 Unidades;Turma da Mônica;Fraldas de Bebê Descartáveis;39.99;5;Amazon;B099KTRZP7;https://www.amazon.com.br/dp/B099KTRZP7
Bebês;3;1;Fralda Turma da Mônica Baby Mega M 50 Unidades;Turma da Mônica;Fraldas de Bebê Descartáveis;39.99;7;Amazon;B099KW58QQ;https://www.amazon.com.br/dp/B099KW58QQ
Bebês;4;2;MamyPoko Lenços Umedecidos Dia&Noite 200 Unidades;MamyPoko;Lenços Umedecidos para Bebês;29.24;3;Amazon;B09BBDVPB1;https://www.amazon.com.br/dp/B09BBDVPB1
Bebês;5;2;MamyPoko Lenços Umedecidos Dia&Noite 500 Unidades;MamyPoko;Lenços Umedecidos para Bebês;71.17;1;Amazon;B0D3617S3R;https://www.amazon.com.br/dp/B0D3617S3R
Bebês;6;5;Fralda Pom Pom Protek Proteção de Mãe Hiper G 68 Unidades;Pom Pom;Fraldas de Bebê Descartáveis;72.0;7;outro;B0979VS2JH;https://www.amazon.com.br/dp/B0979VS2JH
Bebês;7;6;Lenços Umedecidos Huggies Recém-Nascido Sem Fragrância 6x48U;HUGGIES;Lenços Umedecidos para Bebês;54.9;2;Amazon;B07FN7T2LK;https://www.amazon.com.br/dp/B07FN7T2LK
Bebês;8;7;Fralda Descartável Huggies Máxima Proteção Tamanho G 160 unidades – aberta com tecnologia Xtra-Flex, canais em X que se adaptam aos movimentos e máxim;HUGGIES;Fraldas de Bebê Descartáveis;226.07;1;Amazon;B0BFXKZQ2Y;https://www.amazon.com.br/dp/B0BFXKZQ2Y
Bebês;9;9;Fralda Descartável Huggies Máxima Proteção Tamanho XG 140 unidades – aberta com tecnologia Xtra-Flex, canais em X que se adaptam aos movimentos e máxi;HUGGIES;Fraldas de Bebê Descartáveis;229.9;1;Amazon;B0BFXJHXDP;https://www.amazon.com.br/dp/B0BFXJHXDP
Bebês;10;10;Lenços Umedecidos Pampers Aroma de Aloe Vera 192 Unidades;Pampers;Lenços Umedecidos para Bebês;38.99;6;Amazon;B082L13YPQ;https://www.amazon.com.br/dp/B082L13YPQ
Bebês;11;10;Lenços Umedecidos Pampers Aroma de Aloe Vera, 576 Unidades;Pampers;Lenços Umedecidos para Bebês;116.35;1;Amazon;B0CGZ9B5G8;https://www.amazon.com.br/dp/B0CGZ9B5G8
Bebês;12;14;Huggies Fralda Descartável Premium Natural Care RN - 34 Un;HUGGIES;Fraldas de Bebê Descartáveis;58.83;4;sem Buy Box;B095R9CKYR;https://www.amazon.com.br/dp/B095R9CKYR
Bebês;13;15;Fralda Pampers Pants Ajuste Total Tamanho G, 90 Unidades;Pampers;Fraldas de Bebê Descartáveis;119.9;2;outro;B0GW48ZKYM;https://www.amazon.com.br/dp/B0GW48ZKYM
Bebês;14;17;Fralda Pampers Premium Care Pants Tamanho XG, Fácil de Vestir, 96 Unidades;Pampers;Fraldas de Bebê Descartáveis;169.9;2;Amazon;B08K4JSQ2M;https://www.amazon.com.br/dp/B08K4JSQ2M
Bebês;15;18;Huggies Fralda Supreme Care M 196 Un;HUGGIES;Fraldas de Bebê Descartáveis;229.9;1;Amazon;B0BFXJ12QQ;https://www.amazon.com.br/dp/B0BFXJ12QQ
Bebês;16;18;Fralda Descartável Huggies Máxima Proteção Tamanho M 40 unidades – Nova fralda Supreme Care aberta com tecnologia Xtra-Flex, canais em X que se adapta;HUGGIES;Fraldas de Bebê Descartáveis;47.99;7;Amazon;B07FSVQZYX;https://www.amazon.com.br/dp/B07FSVQZYX
Bebês;17;19;Huggies Fralda Descartável Premium Natural Care P - 36 Un;HUGGIES;Fraldas de Bebê Descartáveis;38.99;3;Amazon;B095R95SNW;https://www.amazon.com.br/dp/B095R95SNW
Bebês;18;19;Fralda Pampers Premium Care Pants Tamanho XXG, Fácil de Vestir, 90 Unidades;Pampers;Fraldas de Bebê Descartáveis;184.9;3;Amazon;B08K4L452V;https://www.amazon.com.br/dp/B08K4L452V
Bebês;19;21;Fralda Descartável Huggies Máxima Proteção Tamanho XXG 140 unidades – aberta com tecnologia Xtra-Flex, canais em X que se adaptam aos movimentos e máx;HUGGIES;Fraldas de Bebê Descartáveis;226.68;1;Amazon;B0BFXGY9B7;https://www.amazon.com.br/dp/B0BFXGY9B7
Bebês;20;22;Fralda Pampers Primeiros Dias Tamanho RN (Até 4 kg), 36 Unidades;Pampers;Fraldas de Bebê Descartáveis;44.49;8;Amazon;B07GQB93FT;https://www.amazon.com.br/dp/B07GQB93FT
Brinquedos e Jogos;1;1;Pais & Filhos - Caiu Perdeu, 54 Pçs, idade mínima recomendada - 6 anos;Pais & Filhos;Jogos e Acessórios;15.3;86;Amazon;B07LHC55HY;https://www.amazon.com.br/dp/B07LHC55HY
Brinquedos e Jogos;2;2;Pacote 5 Carros Sortidos, Hot Wheels, Mattel, Multicor - não é possível escolher as cores;Mattel;Carrinhos e Pistas de Autorama;49.99;25;Amazon;B000GKUEVE;https://www.amazon.com.br/dp/B000GKUEVE
Brinquedos e Jogos;3;3;Kit de Cartas UNO Clássico Mattel com 108 7 Anos ou Mai, Multicolorido;Mattel Games;Jogos de cartas para combinar e emparelhar;14.9;37;Amazon;B00CTH0A1Q;https://www.amazon.com.br/dp/B00CTH0A1Q
Brinquedos e Jogos;4;4;Boneca Barbie Vestido Surpresa Mattel. Look Estilo barbiecore com Vestido rosa Estampado e Sapatos Fashion. para crianças a partir dos 3 anos.;Barbie;Bonecas;23.99;39;Amazon;B004H49BCI;https://www.amazon.com.br/dp/B004H49BCI
Brinquedos e Jogos;5;7;Candide, Laptop Infantil, Barbie, Brinquedo Educativo - Bilíngue;Barbie;Sistemas Aprendizado Eletrônico;57.99;13;Amazon;B08GKYKZBF;https://www.amazon.com.br/dp/B08GKYKZBF
Brinquedos e Jogos;6;10;Estrela, Jogo Tapa Certo;Brinquedos Estrela;Jogos de Tabuleiro;25.99;29;Amazon;B07CBL2H3M;https://www.amazon.com.br/dp/B07CBL2H3M
Brinquedos e Jogos;7;12;Candide, Laptop Infantil, Patrulha Canina, Brinquedo Educativo - Bilíngue;Patrulha Canina;Sistemas Aprendizado Eletrônico;47.99;9;Amazon;B093QCF4PM;https://www.amazon.com.br/dp/B093QCF4PM
Brinquedos e Jogos;8;15;LEGO Classic - Caixa Média de Peças Criativas;LEGO;Kits de Brinquedos de Construir e Blocos de Montar;199.99;23;Amazon;B00NHQFA1I;https://www.amazon.com.br/dp/B00NHQFA1I
Brinquedos e Jogos;9;17;LEGO Speed Champions Carro de Corrida Ferrari SF-24 F1® 77242;LEGO;Kits de Brinquedos de Construir e Blocos de Montar;173.06;27;Amazon;B0DHLHWZT7;https://www.amazon.com.br/dp/B0DHLHWZT7
Brinquedos e Jogos;10;19;LEGO Speed Champions Carro de Corrida Oracle Red Bull Racing RB20 F1 77243;LEGO;Kits de Brinquedos de Construir e Blocos de Montar;141.9;27;Amazon;B0DHLFGNMM;https://www.amazon.com.br/dp/B0DHLFGNMM
Brinquedos e Jogos;11;20;Estrela, Jogo Cara a Cara, ‎53 peças;ESTRELA;Jogos de Tabuleiro;59.31;46;outro;B077PLGGJX;https://www.amazon.com.br/dp/B077PLGGJX
Brinquedos e Jogos;12;21;Brastoy Blocos de Montar Magnéticos Infantil Construção STEM Brinquedo (130 Peças);Brastoy;Kit de Blocos para Empilhar de Brinquedo;195.0;3;outro;B0D221YB3L;https://www.amazon.com.br/dp/B0D221YB3L
Brinquedos e Jogos;13;23;UNO Jogo de Cartas No Mercy 7 anos;Mattel Games;Baralhos para Jogos de Cartas;28.13;37;Amazon;B0CBNR2ML6;https://www.amazon.com.br/dp/B0CBNR2ML6
Brinquedos e Jogos;14;26;Mesinha Didática Infantil com Atividades – Brinquedo Educativo Sensorial com Formas de Encaixe, Engrenagens e Som – Coordenação Motora 12 Meses+;Genérico;Brinquedos de Encaixar e Montar;43.49;1;outro;B0GWS97F1D;https://www.amazon.com.br/dp/B0GWS97F1D
Brinquedos e Jogos;15;27;LEGO Creator Ônibus Espacial 3em1: Nave Espacial 31134;LEGO;Kits de Brinquedos de Construir e Blocos de Montar;91.99;12;Amazon;B0BLJ4FDT4;https://www.amazon.com.br/dp/B0BLJ4FDT4
Brinquedos e Jogos;16;29;Play-Doh, Massinha de Modelar Infantil, Mini Sorveteria Divertida - Conjunto de Brinquedo com Acessórios e 2 Potes - A partir de 3 Anos;Play Doh;Massas para Crianças;35.99;11;Amazon;B09SVRB79R;https://www.amazon.com.br/dp/B09SVRB79R
Brinquedos e Jogos;17;30;Lanterna Projetora Infantil com 3 Discos e 24 Imagens Sortidas – Brinquedo Educativo e Divertido - TYDA (AZUL);TYDA;Brinquedos Engraçados, Mágica e Pegadinhas;29.47;1;outro;B0F4DT3TTR;https://www.amazon.com.br/dp/B0F4DT3TTR
Brinquedos e Jogos;18;31;Pelúcia Sensorial infantil Conforto de bebê (Leão);Genérico;Bichinhos e Bichos de Pelúcia;49.9;2;outro;B0DVH8L59F;https://www.amazon.com.br/dp/B0DVH8L59F
Brinquedos e Jogos;19;31;Pelúcia Sensorial infantil Conforto de bebê (Elefante);Genérico;Bichinhos e Bichos de Pelúcia;55.9;2;outro;B0DVHMT5TX;https://www.amazon.com.br/dp/B0DVHMT5TX
Brinquedos e Jogos;20;32;Brinquedo Sensorial Montessori para Bebê 6M+, 6 Atividades, Sem Pilhas;AWESHINE;Brinquedos de Encaixar e Montar;39.0;1;outro;B0H1C6V4ZT;https://www.amazon.com.br/dp/B0H1C6V4ZT
Papelaria e Escritório;1;1;Papel Sulfite Report A4 Branco 75g 500 folhas;Report;Papel para Cópia e Multiuso;29.99;62;Amazon;B076133XTB;https://www.amazon.com.br/dp/B076133XTB
Papelaria e Escritório;2;1;Papel Sulfite Report A4 90g Branco Pacote com 500 Folhas;Report;Papel para Cópia e Multiuso;40.37;7;Amazon;B07899G8LT;https://www.amazon.com.br/dp/B07899G8LT
Papelaria e Escritório;3;2;Pentel Caneta Gel Energel X Retrátil 0.5mm Preta SM/BLN105-AN;Pentel;Canetas Esferográficas Retráteis;7.43;4;Amazon;B07V69MJTR;https://www.amazon.com.br/dp/B07V69MJTR
Papelaria e Escritório;4;2;Pentel Caneta Gel Energel X Retrátil Retrátil 1.0mm Preta SM/BL110-A;Pentel;Canetas Esferográficas Retráteis;8.9;1;Amazon;B01KG5EESW;https://www.amazon.com.br/dp/B01KG5EESW
Papelaria e Escritório;5;2;Pentel Caneta Gel Energel X Retrátil 0.7mm Preta SM/BL107-AN;Pentel;Canetas e Refis;7.44;5;Amazon;B077Q2T1BR;https://www.amazon.com.br/dp/B077Q2T1BR
Papelaria e Escritório;6;3;Kit de 60 Canetas Marcador Permanente Ponta Dupla Coloridas para Desenho Profissional Escolar Infantil com Estojo Organizador Base Artista Canetinhas ;Genérico;Canetinhas;16.99;1;outro;B0FNYHQJ2L;https://www.amazon.com.br/dp/B0FNYHQJ2L
Papelaria e Escritório;7;3;Kit de Canetas Marcador Permanente Ponta Dupla Touch Coloridas para Desenho Profissional Escolar Infantil com Estojo Organizador Base Artista Canetinh;Genérico;Canetinhas;11.6;1;outro;B0HC5GF2PC;https://www.amazon.com.br/dp/B0HC5GF2PC
Papelaria e Escritório;8;3;Kit de 80 Canetas Marcador Permanente Ponta Dupla Coloridas para Desenho Profissional Escolar Infantil com Estojo Organizador Base Artista Canetinhas ;Genérico;Canetinhas;24.25;1;outro;B0FNXMZ99X;https://www.amazon.com.br/dp/B0FNXMZ99X
Papelaria e Escritório;9;4;Chamex - Papel Sulfite, A4, 75g, 500 folhas;Chamex;Papel para Cópia e Multiuso;34.5;11;Amazon;B01CZXF4XW;https://www.amazon.com.br/dp/B01CZXF4XW
Papelaria e Escritório;10;6;Nota Autoadesiva, Tris, 7897476677446, Multicor, pacote de 100;Tris;Blocos de Autoadesivos;4.9;2;Amazon;B0791LY2TH;https://www.amazon.com.br/dp/B0791LY2TH
Papelaria e Escritório;11;9;BIC, Caneta Esferográfica Escrita Fina, Cristal Fina, Azul, 50 Unidades;BIC;Canetas Esferográficas de Tinta Líquida;31.26;10;Amazon;B0778SPXYL;https://www.amazon.com.br/dp/B0778SPXYL
Papelaria e Escritório;12;10;CANETA CIS SPIRO 0.7 C/08UN 761140;CIS;Canetas Esferográficas de Tinta Líquida;26.07;30;Amazon;B09S6V872Z;https://www.amazon.com.br/dp/B09S6V872Z
Papelaria e Escritório;13;11;FITA TRANSPARENTE 48 MM X 50 M;Harden;Fitas Transparentes;6.66;1;Amazon;B0BK9T4F56;https://www.amazon.com.br/dp/B0BK9T4F56
Papelaria e Escritório;14;14;Pritt Cola Bastão para Escola e Escritório, Transparente, 1x40g;Pritt;Bastões e Bisnagas de Cola;25.3;4;Amazon;B07DJN5QRG;https://www.amazon.com.br/dp/B07DJN5QRG
Papelaria e Escritório;15;14;Pritt Cola Bastão, Cola Escolar para Artesanato, Transparente, 1x10g;Pritt;Bastões e Bisnagas de Cola;7.92;3;Amazon;B076145F2F;https://www.amazon.com.br/dp/B076145F2F
Papelaria e Escritório;16;14;Pritt Cola Bastão, Cola Escolar para Artesanato, Transparente, 1x20g;Pritt;Bastões e Bisnagas de Cola;22.7;2;outro;B07DJN8GLZ;https://www.amazon.com.br/dp/B07DJN8GLZ
Papelaria e Escritório;17;16;Pentel Caneta Esferográfica iZee 0.7mm 4 Cores Corpo Branco BXC467W;Pentel;Canetas Esferográficas;9.12;2;Amazon;B0CP49Q452;https://www.amazon.com.br/dp/B0CP49Q452
Papelaria e Escritório;18;16;Pentel Caneta Esferográfica iZee 0.7mm 4 Cores Tintas Verde Preto Vermelho e Azul Claro Corpo Azul SM/BXC467DC;Pentel;Canetas Esferográficas de Tinta Líquida;8.97;3;Amazon;B0CP4851B6;https://www.amazon.com.br/dp/B0CP4851B6
Papelaria e Escritório;19;18;Papel Sulfite, Chamex, A4, 75 Gramas, Pacote De 300 Folhas;Chamex;Papel para Cópia e Multiuso;22.1;5;Amazon;B08CZW8H1L;https://www.amazon.com.br/dp/B08CZW8H1L
Papelaria e Escritório;20;19;CAD 160 CD ZIP 305421;TILIBRA;Cadernos Espirais;20.33;31;Amazon;B07VFWFS4P;https://www.amazon.com.br/dp/B07VFWFS4P
Automotivo;1;1;VONIXX V-MOL, 1.5L;VONIXX;Produtos para Cuidados de Internos Automotivos;38.69;37;Amazon;B0BW4NDV3N;https://www.amazon.com.br/dp/B0BW4NDV3N
Automotivo;2;2;vonixx V-FLOC 1,5L;VONIXX;Cuidados Automotivos;48.51;38;Amazon;B07YM4MJ3K;https://www.amazon.com.br/dp/B07YM4MJ3K
Automotivo;3;3;vonixx Shampoo Automotivo Concentrado 1:400 V-floc 3 Litros;VONIXX;Produtos para Cuidados de Internos Automotivos;78.9;12;outro;B08N844668;https://www.amazon.com.br/dp/B08N844668
Automotivo;4;4;Limpa Para-Brisa Luxcar 100 Ml;Luxcar;Cuidados com Vidros Automotivos;7.99;11;outro;B07VG9Q91Z;https://www.amazon.com.br/dp/B07VG9Q91Z
Automotivo;5;5;KIT SHAMPOO V-FLOC CERA TOK FINAL REVITALIZADOR INTENSE 240ML VONIXX PRETINHO VINTEX;Yamase;Cuidados Automotivos;91.92;4;outro;B0F9Z3D8TZ;https://www.amazon.com.br/dp/B0F9Z3D8TZ
Automotivo;6;7;CAPACETE ABERTO PRO TORK NEW LIBERTY 3 SOLID PRETO FOSCO TAM. 60;Pro Tork;Capacetes para Motos;99.9;4;Amazon;B07WZQC1NJ;https://www.amazon.com.br/dp/B07WZQC1NJ
Automotivo;7;7;CAPACETE ABERTO PRO TORK NEW LIBERTY 3 SOLID PRETO TAM. 56;Pro Tork;Capacetes para Motos;92.13;3;Amazon;B07X2TVX6W;https://www.amazon.com.br/dp/B07X2TVX6W
Automotivo;8;8;vonixx CARNAUBA TOK FINAL 500ML;VONIXX;Produtos para Cuidados de Internos Automotivos;27.95;44;Amazon;B07Y5LQGLC;https://www.amazon.com.br/dp/B07Y5LQGLC
Automotivo;9;10;Luxcar New Fresh Gel Carro Novo 60 g – Aromatizante em Gel Automotivo;Luxcar;Produtos para Cuidados de Internos Automotivos;7.64;9;Amazon;B076M95BMH;https://www.amazon.com.br/dp/B076M95BMH
Automotivo;10;11;Vonix Blend Ceramic & Carnaúba Spray Wax Black Edition;VONIXX;Produtos para Cuidados de Internos Automotivos;41.9;39;Amazon;B08MTJ4DNR;https://www.amazon.com.br/dp/B08MTJ4DNR
Automotivo;11;12;WAP Aspirador de Pó Automotivo Car 12V2, Portátil, 420ml, com Recipiente Removível e Filtro Lavável, 180W 12VDC;WAP;Produtos para Cuidados de Internos Automotivos;88.1;25;Amazon;B0CLDRS18S;https://www.amazon.com.br/dp/B0CLDRS18S
Automotivo;12;12;WAP Aspirador Automotivo Portátil 12V, 420ML Sólido, Filto Hepa, cabo de 3,7m CAR 12V3;WAP;Produtos para Cuidados de Internos Automotivos;97.43;4;Amazon;B0G5Z3PZPW;https://www.amazon.com.br/dp/B0G5Z3PZPW
Automotivo;13;13;CAPACETE FECHADO PRO TORK SPORT MOTO 788 PRETO - BRANCO TAM. 56;Pro Tork;Capacetes para Motos;106.84;2;Amazon;B07YDW6YXS;https://www.amazon.com.br/dp/B07YDW6YXS
Automotivo;14;13;Pro Tork Capacete Sport Moto 788, Preto/Branco, Tam. 58;Pro Tork;Capacetes para Motos;99.9;3;outro;B07WZQBD3R;https://www.amazon.com.br/dp/B07WZQBD3R
Automotivo;15;13;Pro Tork Capacete Sport Moto 788 60 Preto/Verde;Pro Tork;Capacetes para Motos;132.41;1;Amazon;B07YDWCXQN;https://www.amazon.com.br/dp/B07YDWCXQN
Automotivo;16;19;Kit Lavagem Completa Shampoo Cera Tok Final Intense Sintra Fast Pneu Pretinho Acessórios;Yamase;Limpadores Automotivos;135.92;3;outro;B0H52LF5JF;https://www.amazon.com.br/dp/B0H52LF5JF
Automotivo;17;29;Pro Tork Capacete Moto R8 Fechado, Viseira Fumê, Preto/Rosa, Tam. 58;Pro Tork;Capacetes para Motos;149.9;3;Amazon;B07Z5G56P5;https://www.amazon.com.br/dp/B07Z5G56P5
Automotivo;18;29;CAPACETE FECHADO PRO TORK R8 VERMELHO TAM. 58 VIS. FUMÊ;Pro Tork;Capacetes para Motos;149.9;4;Amazon;B07Z5GMC6L;https://www.amazon.com.br/dp/B07Z5GMC6L
Automotivo;19;32;Luxcar New Fresh Gel Lavanda 60 g – Aromatizante em Gel Automotivo;Luxcar;Produtos para Cuidados de Internos Automotivos;7.21;3;Amazon;B076X781N2;https://www.amazon.com.br/dp/B076X781N2
Automotivo;20;33;Vonixx BLEND SPRAY - cera híbrida para veículos, 500ML;VONIXX;Cuidados Externos Automotivos;43.5;50;outro;B07Y5KX8VH;https://www.amazon.com.br/dp/B07Y5KX8VH
Moda;1;2;LUPO Kit 6 Pares Meia Cano Médio Esportiva Casual Masculina Original, 2 Branca - 2 Cinza - 2 Preta, 41-44;Lupo;Meias Esportivas Masculinas;54.79;10;outro;B07RML3H5T;https://www.amazon.com.br/dp/B07RML3H5T
Moda;2;2;LUPO Kit 6 Pares Meia Cano Médio Esportiva Casual Masculina Original, 6 Preta, 41-44;Lupo;Meias Esportivas Masculinas;59.8;11;outro;B07RN15ZSD;https://www.amazon.com.br/dp/B07RN15ZSD
Moda;3;2;LUPO Kit 6 Pares Meia Cano Médio Esportiva Casual Masculina Original, 2 Chumbo - 2 Cinza - 2 Preta, 41-44;Lupo;Meias Esportivas Masculinas;54.72;8;outro;B07RP34168;https://www.amazon.com.br/dp/B07RP34168
Moda;4;2;LUPO Kit 6 Pares Meia Cano Médio Esportiva Casual Masculina Original, 6 Branca, 37-40;Lupo;Meias Esportivas Femininas;50.67;12;outro;B07RN1156H;https://www.amazon.com.br/dp/B07RN1156H
Moda;5;3;Tech T-shirt Gola U Masculino Preto GG;insider;Camisetas Masculinas;84.9;3;Amazon;B0BFSNZHSF;https://www.amazon.com.br/dp/B0BFSNZHSF
Moda;6;3;Tech T-shirt Gola U Masculino Preto XXGG;insider;Camisetas Esportivas Masculinas;84.9;2;Amazon;B0DZ3648H9;https://www.amazon.com.br/dp/B0DZ3648H9
Moda;7;3;Tech T-shirt Gola U Masculino Mescla G;insider;Camisetas Masculinas;84.9;2;Amazon;B0BFSYDMMJ;https://www.amazon.com.br/dp/B0BFSYDMMJ
Moda;8;6;Romantic Crown Mochila Feminino Masculino Viagem Expansível para Notebook;ROMANTIC CROWN;Mochilas Casuais;119.99;1;outro;B0GXTY8SMX;https://www.amazon.com.br/dp/B0GXTY8SMX
Moda;9;6;Romantic Crown Mochila Feminina Masculino Viagem Expansível para Notebook;ROMANTIC CROWN;Mochilas Casuais;119.78;2;outro;B0DH2B5RD9;https://www.amazon.com.br/dp/B0DH2B5RD9
Moda;10;8;Guarda Chuva com Botão Automático Reforçado – Compacto, Resistente ao Vento, Proteção Solar UV, Blackout, Dobrável - Guarda Chuva Portátil para Bolsa/;Genérico;Guarda-Chuvas;41.9;1;outro;B0G49SWCGT;https://www.amazon.com.br/dp/B0G49SWCGT
Moda;11;8;Guarda Chuva com Botão Automático Reforçado – Compacto, Resistente ao Vento, Proteção Solar UV, Blackout, Dobrável - Guarda Chuva Portátil para Bolsa/;Genérico;Guarda-Chuvas;41.9;1;outro;B0GKH8QRBX;https://www.amazon.com.br/dp/B0GKH8QRBX
Moda;12;8;Guarda Chuva com Botão Automático Reforçado – Compacto, Resistente ao Vento, Proteção Solar UV, Blackout, Dobrável - Guarda Chuva Portátil para Bolsa/;Genérico;Guarda-Chuvas;41.9;1;outro;B0G49SBZ74;https://www.amazon.com.br/dp/B0G49SBZ74
Moda;13;9;Invicta Relógio automático masculino Pro Diver Collection Coin-Edge Aço inoxidável;INVICTA;Relógios de Pulso Masculinos;875.77;3;outro;B000JQFX1G;https://www.amazon.com.br/dp/B000JQFX1G
Moda;14;11;Chinelo Top, Havaianas, Adulto Unissex, Preto, 43/44;Havaianas;Chinelos de Dedo Femininos;29.81;37;outro;B000YKMHG6;https://www.amazon.com.br/dp/B000YKMHG6
Moda;15;11;Chinelo Top, Havaianas, Unissex, Sola 100% Borracha Flexível e Durável, Tiras Grossas, Estampa Lisa, Branco;Havaianas;Chinelos de Dedo Femininos;31.99;37;outro;B000YKIXA0;https://www.amazon.com.br/dp/B000YKIXA0
Moda;16;11;Chinelo Top, Havaianas, Unissex, Sola 100% Borracha Flexível e Durável, Tiras Grossas, Estampa Lisa, Azul Naval;Havaianas;Chinelos de Dedo Femininos;32.9;20;outro;B00352UHZI;https://www.amazon.com.br/dp/B00352UHZI
Moda;17;12;Lupo Kit 6 Cuecas Boxer Masculinas Microfibra de Poliamida Sem Costura Adulto, 1 Branco - 2 Grafite - 3 Preto, G;Lupo;Cuecas Boxer;134.97;1;outro;B0H1FYFR5L;https://www.amazon.com.br/dp/B0H1FYFR5L
Moda;18;12;Lupo Kit 6 Cuecas Boxer Masculinas Microfibra de Poliamida Sem Costura Adulto, 3 Azul - 3 Preto, G;Lupo;Cuecas Boxer;137.99;2;outro;B0H1G2478G;https://www.amazon.com.br/dp/B0H1G2478G
Moda;19;15;Kit C/6 Pares Meias Lupo Cano Curto Algodão Preto Tamanho 37-40;Lupo;Meias Esportivas Masculinas;57.0;6;outro;B0BZTCT6W7;https://www.amazon.com.br/dp/B0BZTCT6W7
Moda;20;17;Kit 12 Cuecas Boxer Reebok Masculinas Microfibra Adulto Box Sem Costura (BR, Alfa, G, Regular, Sortidos 2);Reebok;Cuecas Samba-Canção;114.55;6;outro;B0CW246HNL;https://www.amazon.com.br/dp/B0CW246HNL
Computadores e Informática;1;1;Cartucho de tinta HP 667 Preto Original (3YM79AB) Para Impressora Deskjet 2376, 2776, 6476, 5076, 5276;HP;Cartuchos de Tinta para Impressora Jato de Tinta;74.9;7;Amazon;B08WKPK952;https://www.amazon.com.br/dp/B08WKPK952
Computadores e Informática;2;1;Cartucho de Tinta HP 667 Colorido Original (3YM78AB) Para Impressora Deskjet 2376, 2776, 6476, 5076, 5276;HP;Cartuchos de Tinta para Impressora Jato de Tinta;89.9;6;Amazon;B08WKRYQHN;https://www.amazon.com.br/dp/B08WKRYQHN
Computadores e Informática;3;1;Cartucho HP 667XL Preto Original (3YM81AB) Para HP Deskjet 2376, 2776, 6476, 5076, 52765076, Impressora HP 5276;HP;Cartuchos de Tinta para Impressora Jato de Tinta;159.0;8;Amazon;B08WKMBDN9;https://www.amazon.com.br/dp/B08WKMBDN9
Computadores e Informática;4;2;Mouse sem fio Logitech M170 com Design Ambidestro Compacto, Conexão USB e Pilha Inclusa - Preto;Logitech;Mouses de Computador;64.0;25;Amazon;B074L9L5KZ;https://www.amazon.com.br/dp/B074L9L5KZ
Computadores e Informática;5;2;Mouse sem fio Logitech M170 com Design Ambidestro Compacto, Conexão USB e Pilha Inclusa - Rosa;Logitech;Mouses de Computador;69.9;6;Amazon;B0BPP8M5JW;https://www.amazon.com.br/dp/B0BPP8M5JW
Computadores e Informática;6;2;Mouse sem fio Logitech M170 com Design Ambidestro Compacto, Conexão USB e Pilha Inclusa - Branco;Logitech;Mouses de Computador;69.9;17;Amazon;B0BPP8Z5HL;https://www.amazon.com.br/dp/B0BPP8Z5HL
Computadores e Informática;7;3;Notebook Dell 15 15-I1300-A30P, Intel Core i5-1334U, Windows 11 Home;Dell;Laptops Tradicionais;3999.0;1;Amazon;B0FHCHBRGF;https://www.amazon.com.br/dp/B0FHCHBRGF
Computadores e Informática;8;4;Cartucho de Tinta HP 664 Preto Original (F6V29AB) Para Impressora Deskjet 2136, 2676, 3776, 5076, 527;HP;Cartuchos de Tinta para Impressora Jato de Tinta;74.9;6;Amazon;B074HMBWQG;https://www.amazon.com.br/dp/B074HMBWQG
Computadores e Informática;9;4;Cartucho de Tinta HP 664XL preto Original (F6V31AB) Para Impressora Deskjet 2136, 2676, 3776, 5076, 5276;HP;Cartuchos de Tinta para Impressora Jato de Tinta;125.0;9;Amazon;B075736YWS;https://www.amazon.com.br/dp/B075736YWS
Computadores e Informática;10;4;Cartucho de Tinta HP 664 Colorido Original (F6V28AB) Para Impressora Deskjet 2136, 2676, 3776, 5076, 5276;HP;Cartuchos de Tinta para Impressora Jato de Tinta;74.9;5;Amazon;B00MFJJ44W;https://www.amazon.com.br/dp/B00MFJJ44W
Computadores e Informática;11;5;Mouse Sem Fio Recarregável Wireless Bluetooth Optico Led Rgb Colorido Ergonômico Usb 2.4 Ghz Notebook Computador Pc Desktop Linha Premium - Cores Sort;Genérico;Mouses de Computador;17.9;1;outro;B0F1G2TL8P;https://www.amazon.com.br/dp/B0F1G2TL8P
Computadores e Informática;12;6;"LG UltraGear Monitor Gamer 24"" IPS 144Hz (O/C) 1ms (MBR) Full HD (1920x1080) HDR10 NVIDIA G-SYNC AMD FreeSync, Preto - 24G411A";LG;Monitores de Computador;629.0;6;outro;B0FYQ5TQDL;https://www.amazon.com.br/dp/B0FYQ5TQDL
Computadores e Informática;13;7;"Monitor Gamer AOC AGON G50 24"" 144Hz 0,5ms IPS HDR10 G-SYNC 24G50F";AOC;Monitores de Computador;599.0;5;Amazon;B0FLKGNYJ8;https://www.amazon.com.br/dp/B0FLKGNYJ8
Computadores e Informática;14;9;Combo Teclado e Mouse Sem Fio Dell KM3322W 1858, Receptor USB 2,4 GHz;Dell;Kits de Teclado e Mouse para Computador;154.88;2;Amazon;B0BPTK4P38;https://www.amazon.com.br/dp/B0BPTK4P38
Computadores e Informática;15;12;JBL, Fone de Ouvido Com Fio, Quantum 100M2, Headset Gamer, Over Ear, Microfone Removível - Preto;JBL;Fones de Ouvido para Computador;159.9;28;outro;B0D6NLHV8N;https://www.amazon.com.br/dp/B0D6NLHV8N
Computadores e Informática;16;12;JBL, Fone de Ouvido Com Fio, Quantum 100M2, Headset Gamer, Over Ear, Microfone Removível - Verde;JBL;Fones de Ouvido para Computador;195.73;12;outro;B0D6NJCK5G;https://www.amazon.com.br/dp/B0D6NJCK5G
Computadores e Informática;17;14;Mouse Pad Gamer Grande 80x30cm Speed Profissional Base Antiderrapante Borda Costurada Premium para Teclado Mouse Setup Gamer e Escritório (Cores Sorti;GATAO;Mouse Pads;15.9;2;outro;B0H51YRLKR;https://www.amazon.com.br/dp/B0H51YRLKR
Computadores e Informática;18;16;"LG UltraGear Monitor Gamer 27"" IPS, 144Hz Nativo, 1ms (MBR), Full HD (1920x1080), HDR10, NVIDIA G-SYNC, AMD FreeSync, Preto - 27G411B";LG;Monitores de Computador;872.63;2;Amazon;B0HB7NS9RM;https://www.amazon.com.br/dp/B0HB7NS9RM
Computadores e Informática;19;16;"LG UltraGear Monitor Gamer 24"" IPS 144Hz nativo, 1ms (MBR), Full HD (1920x1080), HDR10, NVIDIA G-SYNC, AMD FreeSync sRGB, Preto - 24G411B";LG;Monitores de Computador;719.0;2;Amazon;B0HB6GK6CK;https://www.amazon.com.br/dp/B0HB6GK6CK
Computadores e Informática;20;16;Monitor LG UltraGear - Tela VA FHD 32”, 144Hz nativo, 1ms (MBR), AMD FreeSync, HDR10, sRGB 99%, Preto - 32G403B;LG;Monitores de Computador;1209.47;2;Amazon;B0HB77TFGY;https://www.amazon.com.br/dp/B0HB77TFGY
Eletrônicos;1;3;Pilha Alcalina AA com 16 unidades Elgin Comum;Elgin;Pilhas Descartáveis para Casa;21.21;23;Amazon;B0BSVM7QS8;https://www.amazon.com.br/dp/B0BSVM7QS8
Eletrônicos;2;3;Pilha Alcalina AA com 8 unidades Elgin Comum;Elgin;Pilhas Descartáveis para Casa;11.8;27;Amazon;B09MR7XPS9;https://www.amazon.com.br/dp/B09MR7XPS9
Eletrônicos;3;3;Pilha Alcalina AA Elgin com 4 unidades Comum;Elgin;Pilhas Descartáveis para Casa;7.33;36;Amazon;B0754KGXV2;https://www.amazon.com.br/dp/B0754KGXV2
Eletrônicos;4;5;"Celular Samsung Galaxy S25 Ultra 5G, 256GB, 12GB RAM, Câmera Quádrupla de 200+50+10+50, Tela Grande de 6.9"", Titânio Preto";Samsung;Celulares e Smartphones;6224.33;5;outro;B0DSYJCY45;https://www.amazon.com.br/dp/B0DSYJCY45
Eletrônicos;5;6;Duracell Pilhas Alcalinas AA Pequena Pack 8 Unidades – Dura até 10x Mais – Ideal para Controles Remotos Brinquedos e Lanternas;Duracell;Pilhas Descartáveis para Casa;42.65;7;Amazon;B07FKWTQPH;https://www.amazon.com.br/dp/B07FKWTQPH
Eletrônicos;6;6;Duracell Pilha Alcalina AA – Pack com 4 Unidades – Dura até 10x Mais – Ideal para Controles Remotos, Brinquedos e Lanternas;Duracell;Pilhas Descartáveis para Casa;24.99;22;Amazon;B000N8RUIO;https://www.amazon.com.br/dp/B000N8RUIO
Eletrônicos;7;6;Duracell Pilhas Alcalinas AAA Palito Pack 4 Unidades – Dura Mais – Ideal para Controles Remotos Brinquedos e Lanternas;Duracell;Pilhas Descartáveis para Casa;24.99;26;Amazon;B010DPDMAQ;https://www.amazon.com.br/dp/B010DPDMAQ
Eletrônicos;8;7;"Celular Samsung Galaxy A17, 128GB, 4GB, 50MP Tela 6.7"", IP54 - Preto";Samsung;Celulares e Smartphones;865.56;44;outro;B0FPYV6K68;https://www.amazon.com.br/dp/B0FPYV6K68
Eletrônicos;9;7;"Celular Samsung Galaxy A17, 256GB, 8GB, 50MP Tela 6.7"", IP54 - Preto";Samsung;Celulares e Smartphones;1299.0;18;outro;B0FPYXKBJG;https://www.amazon.com.br/dp/B0FPYXKBJG
Eletrônicos;10;7;"Celular Samsung Galaxy A17, 128GB, 4GB, 50MP Tela 6.7"", IP54 - Azul";Samsung;Celulares e Smartphones;879.0;21;outro;B0FPYZD4Y5;https://www.amazon.com.br/dp/B0FPYZD4Y5
Eletrônicos;11;9;"Smartwatch Samsung Galaxy Fit3 Display 1.6"" Grafite";Samsung;Smartwatches;200.0;37;outro;B0CVCLGV1W;https://www.amazon.com.br/dp/B0CVCLGV1W
Eletrônicos;12;9;"Smartwatch Samsung Galaxy Fit3 Display 1.6"" Prata";Samsung;Smartwatches;217.9;20;outro;B0CVCG6S9C;https://www.amazon.com.br/dp/B0CVCG6S9C
Eletrônicos;13;9;"Smartwatch Samsung Galaxy Fit3 Display 1.6"" Rosé";Samsung;Smartwatches;248.5;24;outro;B0CVCF2J9Q;https://www.amazon.com.br/dp/B0CVCF2J9Q
Eletrônicos;14;10;Pilha recarregável AA 2700Mah Elgin Com 4 unidades Comum;Elgin;Pilhas Recarregáveis para Casa;42.95;19;Amazon;B0754J31B7;https://www.amazon.com.br/dp/B0754J31B7
Eletrônicos;15;11;JBL, Fone de Ouvido Bluetooth Over-Ear, Tune 530BT, Sem Fio, Até 76 Horas de Bateria - Preto;JBL;Fones de Ouvido Abertos;175.0;55;outro;B0GM1LSHQF;https://www.amazon.com.br/dp/B0GM1LSHQF
Eletrônicos;16;13;Roku Streaming Stick HD 2025 | Dispositivo de streaming para TV HD/FHD com controle remoto por comando de voz compatível com Alexa, Siri e Google;Roku;TV, Áudio e Cinema em Casa;259.0;12;Amazon;B0FH7LY3R4;https://www.amazon.com.br/dp/B0FH7LY3R4
Eletrônicos;17;14;Pilha Alcalina AAA com 16 unidades Elgin Palito;Elgin;Pilhas Descartáveis para Casa;24.99;29;outro;B0BSVN58JW;https://www.amazon.com.br/dp/B0BSVN58JW
Eletrônicos;18;15;"Celular Samsung Galaxy A57 5G 128GB, 8GB RAM, Câmera Tripla de até 50MP OIS, Selfie de 12MP Video HDR, IP68, Tela Super AMOLED 6.7"", NFC, Recursos AI,";Samsung;Celulares e Smartphones;1959.0;6;outro;B0GVT7QXF7;https://www.amazon.com.br/dp/B0GVT7QXF7
Eletrônicos;19;17;"Smart TV 4K 55"" LG UHD 55UA85 Processador α7 AI Ger8 4K Super Upscaling Google Cast Alexa Integrado Controle AI Smart Magic WebOS 25";LG;TVs;2754.0;1;Amazon;B0F5X39JQ1;https://www.amazon.com.br/dp/B0F5X39JQ1
Eletrônicos;20;17;"Smart TV 4K 50"" LG UHD 50UA85 Processador α7 AI Ger8 4K Super Upscaling Google Cast Alexa Integrado Controle AI Smart Magic WebOS 25";LG;TVs;2469.0;2;Amazon;B0F5X1GYX8;https://www.amazon.com.br/dp/B0F5X1GYX8
Eletrodomésticos;1;12;Lava-Louças Electrolux 14 Serviços Inox com Programa Lava e Seca 220v LS14E;Electrolux;Máquinas de lavar louça e secadoras de pratos;3599.0;5;outro;B0FLQJJ47J;https://www.amazon.com.br/dp/B0FLQJJ47J
Eletrodomésticos;2;12;Lava-Louças Electrolux 14 Serviços Inox com Programa Lava e Seca 127v LS14E;Electrolux;Máquinas de lavar louça e secadoras de pratos;3499.0;5;outro;B0FH5PXDTF;https://www.amazon.com.br/dp/B0FH5PXDTF
Eletrodomésticos;3;28;Lava Louças Midea 14 Serviços Preta (127);Midea;Máquinas de lavar louça e secadoras de pratos;2754.04;1;outro;B093XZ9TLW;https://www.amazon.com.br/dp/B093XZ9TLW
Eletrodomésticos;4;34;Refrigerador 240L 1 Porta Classe A 110 Volts, Branco, Electrolux;Electrolux;Geladeiras com Freezer;1647.45;8;outro;B076BDR1P7;https://www.amazon.com.br/dp/B076BDR1P7
Eletrodomésticos;5;36;Geladeira Refrigerador HQ Frost Free Multidoor 426 Litros Prata HQ-426MDFF (127V);HQ Screen;Geladeiras com Freezer;3338.9;1;outro;B0DTZQP72X;https://www.amazon.com.br/dp/B0DTZQP72X
Eletrodomésticos;6;41;Geladeira Inteligente B= Smart Brastemp Frost Free Inverse 500 Litros Cor Inox - BRE66AK Bivolt;Brastemp;Geladeiras com Freezer;3999.0;15;outro;B0GL3B4FZ8;https://www.amazon.com.br/dp/B0GL3B4FZ8
Eletrodomésticos;7;42;Geladeira Electrolux 1p 400l Ib6s Inox Bivolt;Electrolux;Geladeiras com Freezer;3899.0;4;outro;B0FTTJMGB4;https://www.amazon.com.br/dp/B0FTTJMGB4
Eletrodomésticos;8;48;Geladeira Frost Free Duplex Consul 377 Litros Branca - CRM44MB;Consul;Geladeiras com Freezer;2649.0;12;outro;B0FTLJNR7L;https://www.amazon.com.br/dp/B0FTLJNR7L
Eletrodomésticos;9;54;Lava Louças 8 Serviços Brastemp Cinza - BLF08BS 110V;Brastemp;Máquinas de lavar louça e secadoras de pratos;1894.85;7;outro;B0BTFCXSMS;https://www.amazon.com.br/dp/B0BTFCXSMS
Eletrodomésticos;10;64;Geladeira Frost Free Duplex 333 Litros Branca Consul - CRM40MB 110V;Consul;Geladeiras com Freezer;2379.85;13;outro;B0G44H2N5X;https://www.amazon.com.br/dp/B0G44H2N5X
Eletrodomésticos;11;77;Lava Louças Electrolux 10 Serviços Inox com Função Higienizar Compras (LL10X) - 220V;Electrolux;Máquinas de lavar louça e secadoras de pratos;3298.99;2;outro;B09B8MGCTT;https://www.amazon.com.br/dp/B09B8MGCTT
Eletrodomésticos;12;84;Geladeira Inteligente B= Smart Brastemp Frost Free Duplex 512 Litros Cor Inox - BRM62AK Bivolt;Brastemp;Geladeiras com Freezer;3838.32;10;outro;B0GL3FW4QL;https://www.amazon.com.br/dp/B0GL3FW4QL
Eletrodomésticos;13;90;Geladeira Frost Free 412 Litros Branca Consul com Compartimentos Removíveis - CRM50MB 110V;Consul;Geladeiras com Freezer;2738.9;5;outro;B0GJTGLPQZ;https://www.amazon.com.br/dp/B0GJTGLPQZ
Eletrodomésticos;14;113;Geladeira Refrigerador Compacto HQ Defrost 140 Litros Preta HQ-140RDF (220, Volts);HQ Screen;Geladeiras com Freezer;1339.9;1;outro;B0GYZGLLFT;https://www.amazon.com.br/dp/B0GYZGLLFT
Eletrodomésticos;15;142;Geladeira Refrigerador Compacto HQ 140L Duplex Defrost, Baixo Consumo A+++ Preto/Cinza HQ-140RDF (110, Volts);HQ Screen;Geladeiras com Freezer;1299.9;1;outro;B0GRCC87B3;https://www.amazon.com.br/dp/B0GRCC87B3
Eletrodomésticos;16;168;Lava-Louças Electrolux 10 Serviços Inox com Programa Lava e Seca 50min 220v LS10E;Electrolux;Máquinas de lavar louça e secadoras de pratos;3148.9;6;outro;B0FH5R4M75;https://www.amazon.com.br/dp/B0FH5R4M75
Eletrodomésticos;17;220;Praxis Lava Louças Portátil 3L 8 Programas de Lavagem 127v Preto;Praxis;Máquinas de lavar louça e secadoras de pratos;998.99;4;outro;B0FKJX8JVR;https://www.amazon.com.br/dp/B0FKJX8JVR
Eletrodomésticos;18;221;Geladeira Frost Free Duplex 473L Inverter cor Inox Midea;Midea;Geladeiras com Freezer;3099.0;3;outro;B0HCKSDP7D;https://www.amazon.com.br/dp/B0HCKSDP7D
Eletrodomésticos;19;234;Lava Louças HQ Digital 14 Serviços Branca HQ-LL14SD (220, Volts);HQ Screen;Máquinas de lavar louça e secadoras de pratos;1909.9;1;outro;B0GWJHCZQX;https://www.amazon.com.br/dp/B0GWJHCZQX
Eletrodomésticos;20;235;LAVA-LOUCAS MIDEA 14 SERVICOS BRANCA 127V;Midea;Máquinas de lavar louça e secadoras de pratos;2719.9;5;outro;B093M7RFL5;https://www.amazon.com.br/dp/B093M7RFL5
Jardim e Piscina;1;4;Raid Repelente Elétrico Líquido Family 45 Noites, 2 Refis de 32,9ml;Raid;Mata-Insetos Elétrico;26.9;5;Amazon;B08SFHTY3N;https://www.amazon.com.br/dp/B08SFHTY3N
Jardim e Piscina;2;6;Cloro Genco L.E Mult 3x1-10kg;Genco;Cloro para Piscina e Ofurô;187.0;17;Amazon;B077PJDFP5;https://www.amazon.com.br/dp/B077PJDFP5
Jardim e Piscina;3;8;Forth Defende, Pronto Uso, Inseticida, Óleo de Neem, Azadiractina, 500ml;Forth Jardim;Materiais para Pintura e Arte;24.97;9;Amazon;B07TTTH28T;https://www.amazon.com.br/dp/B07TTTH28T
Jardim e Piscina;4;9;Mor - Cadeira Reclinável 8 Posições Alumínio Lilás;MOR;Cadeiras Reclináveis de Pátio;112.96;11;Amazon;B0779LB8QP;https://www.amazon.com.br/dp/B0779LB8QP
Jardim e Piscina;5;9;Mor - Cadeira Reclinável 8 Posições Alumínio Anis;MOR;Cadeiras Reclináveis de Pátio;128.9;7;Amazon;B0779M2LK6;https://www.amazon.com.br/dp/B0779M2LK6
Jardim e Piscina;6;9;Mor - Cadeira Reclinável 8 Posições Alumínio Azul;MOR;Cadeiras Reclináveis de Pátio;134.9;9;Amazon;B076WXPCYM;https://www.amazon.com.br/dp/B076WXPCYM
Jardim e Piscina;7;11;Forth Baraticida, Isca em Gel, Imidacloprid, Seringa, Bico Dosador, 10g;Forth Jardim;Produtos de Controle de Pragas e Ervas Daninhas;10.99;7;Amazon;B07TWXS41Y;https://www.amazon.com.br/dp/B07TWXS41Y
Jardim e Piscina;8;13;Tramontina, Pulverizador Manual Plástico 450 ml;Tramontina;Pulverizadores de Jardim;11.39;10;Amazon;B09WH3G8L5;https://www.amazon.com.br/dp/B09WH3G8L5
Jardim e Piscina;9;14;PALISAD Tesoura Para Poda 180 mm com Trava e Mola – Lâmina de Aço У8 e Cabo Emborrachado;PALISAD;Tesouras de Poda e Tesouras;19.89;10;Amazon;B0799M31S3;https://www.amazon.com.br/dp/B0799M31S3
Jardim e Piscina;10;14;PALISAD Tesoura Para Poda 200 mm com Mola – Lâmina em Aço Inoxidável e Cabo Emborrachado;PALISAD;Tesouras de Poda e Tesouras;21.9;4;Amazon;B07D4QV2VL;https://www.amazon.com.br/dp/B07D4QV2VL
Jardim e Piscina;11;16;Mor - Cadeira Alta Alumínio Sortido;MOR;Guarda-Sóis e Produtos para Sombra;82.24;37;Amazon;B076KM81H5;https://www.amazon.com.br/dp/B076KM81H5
Jardim e Piscina;12;17;Vonder, Pulverizador 500ml, Branco PU500;VONDER;Pulverizadores de Jardim;11.06;19;Amazon;B075X2WXB1;https://www.amazon.com.br/dp/B075X2WXB1
Jardim e Piscina;13;17;Vonder, Pulverizador 1,0 Litro, Pu 010.;VONDER;Pulverizadores de Jardim;14.26;13;Amazon;B0777NNVXD;https://www.amazon.com.br/dp/B0777NNVXD
Jardim e Piscina;14;18;Baygon Iscas Mata Barata Inseticida, Protege por até 3 Meses, 6 Unidades;Baygon;Concentrados em Spray Repelentes de Insetos e Pragas;36.08;7;Amazon;B07N4MSYJZ;https://www.amazon.com.br/dp/B07N4MSYJZ
Jardim e Piscina;15;20;Raid Repelente Elétrico Líquido 45 Noites, Aparelho e Refil de 32,9ml;Raid;Produtos de Controle de Pragas e Ervas Daninhas;15.59;11;Amazon;B07DPWXP63;https://www.amazon.com.br/dp/B07DPWXP63
Jardim e Piscina;16;21;Tramontina Mangueira Flex Com Engates Rosqueados E Esguicho Em Pvc Verde 10 M;Tramontina;Mangueiras de Jardim;44.99;12;Amazon;B076M6XBDW;https://www.amazon.com.br/dp/B076M6XBDW
Jardim e Piscina;17;21;Mangueira Para Jardim 30 Metros Com Esguicho 79172300 TRAMONTINA;Tramontina;Mangueiras de Jardim;123.44;14;Amazon;B076M6GT59;https://www.amazon.com.br/dp/B076M6GT59
Jardim e Piscina;18;21;Mangueira Flex para Jardim, com Engates Rosqueados e Esguicho, Tramontina, 30 M, Transparente;Tramontina;Mangueiras de Jardim;180.91;3;Amazon;B076MHJRKF;https://www.amazon.com.br/dp/B076MHJRKF
Jardim e Piscina;19;22;Pulverizador Girafa Graduado TIBA 550 ml Transparente;TIBA;Pulverizadores de Jardim;7.9;3;Amazon;B0F6481T3J;https://www.amazon.com.br/dp/B0F6481T3J
Jardim e Piscina;20;24;Pulverizador TIBA 500 ml Transparente;TIBA;Pulverizadores de Jardim;7.9;4;Amazon;B09NMDYB7F;https://www.amazon.com.br/dp/B09NMDYB7F
Móveis;1;2;Cadeira de escritório com design ergonômico conforme NR-17, suporte lombar independente, malha respirável e encosto de cabeça ajustável,Python Fly (Ci;Python Fly;Cadeiras de Escritório para Casa;399.0;3;outro;B0CG8LWT97;https://www.amazon.com.br/dp/B0CG8LWT97
Móveis;2;2;Cadeira de escritório com design ergonômico conforme NR-17, suporte lombar independente, malha respirável e encosto de cabeça ajustável,Python Fly (Pr;Python Fly;Cadeiras de Escritório para Casa;399.0;2;outro;B0CG8J3N2H;https://www.amazon.com.br/dp/B0CG8J3N2H
Móveis;3;3;Laruno Mesa Dobrável Portátil Branca 1,80m Tipo Maleta até 150kg;Laruno;Mesas Dobráveis;176.41;1;outro;B0GYQ9DGJC;https://www.amazon.com.br/dp/B0GYQ9DGJC
Móveis;4;3;Laruno Mesa Dobrável Portátil Preta 1,80m Tipo Maleta até 150kg;Laruno;Mesas Dobráveis;189.99;1;outro;B0GYQF5DPD;https://www.amazon.com.br/dp/B0GYQF5DPD
Móveis;5;4;Cadeira Ergonomica Gamer Com Apoio Para Os Pés Branco;Python Fly;Poltronas Gamer;549.0;2;outro;B0CJV2WKQF;https://www.amazon.com.br/dp/B0CJV2WKQF
Móveis;6;4;Cadeira Ergonomica Gamer Com Apoio Para Os Pés（Verde);Python Fly;Poltronas Gamer;499.0;1;outro;B0CJTZTXZM;https://www.amazon.com.br/dp/B0CJTZTXZM
Móveis;7;4;Cadeira Ergonomica Gamer Com Apoio Para Os Pés Vermelho;Python Fly;Poltronas Gamer;;0;sem Buy Box;B0CJTYM3FH;https://www.amazon.com.br/dp/B0CJTYM3FH
Móveis;8;5;Mesa Portátil Para Notebook Suporte Cama Sofá MA, Cor Aleatório;FOVLWYT;Móveis para Escritório em Casa;33.97;43;outro;B09963FWYX;https://www.amazon.com.br/dp/B09963FWYX
Móveis;9;6;Cadeira De Escritório, Cadeira De Com Apoio Para Os Pés E Encosto Ajustável（Preto）;Python Fly;Cadeiras de Escritório para Casa;459.0;2;outro;B0CSD46QVZ;https://www.amazon.com.br/dp/B0CSD46QVZ
Móveis;10;6;Cadeira De Escritório, Cadeira De Com Apoio Para Os Pés E Encosto Ajustável (Marrom);Python Fly;Cadeiras de Escritório para Casa;459.0;1;outro;B0CSD68PQ3;https://www.amazon.com.br/dp/B0CSD68PQ3
Móveis;11;7;Cama de Solteiro 88x188cm, Metal, Cabeceira, 300kg;ROMANTIC CROWN;Estruturas com Estrado de Cama;219.99;2;outro;B0FZ99Y541;https://www.amazon.com.br/dp/B0FZ99Y541
Móveis;12;7;Cama de Casal 138x188cm, Estrutura Metálica Preta;ROMANTIC CROWN;Estruturas com Estrado de Cama;319.99;2;outro;B0FZ98XMN9;https://www.amazon.com.br/dp/B0FZ98XMN9
Móveis;13;7;Cama de Solteiro 88x188cm em Metal com Cabeceira, Preta;ROMANTIC CROWN;Estruturas com Estrado de Cama;239.99;1;outro;B0H839F56K;https://www.amazon.com.br/dp/B0H839F56K
Móveis;14;8;Colchão Solteiro Emma Basics 17 cm - 88x188 cm, Espuma D28 17cm com Tecnologia Alemã, Firmeza Ideal, Suporte Confortável, 100 Noites de Teste e 5 Anos;Emma;Colchões;839.0;1;outro;B0B8ZHR7LB;https://www.amazon.com.br/dp/B0B8ZHR7LB
Móveis;15;8;Colchão Casal Emma Basics 17 cm - 138x188 cm, Espuma D28 17cm com Tecnologia Alemã, Firmeza Ideal, Suporte Confortável, 100 Noites de Teste e 5 Anos d;Emma;Colchões;1169.0;1;outro;B0B8ZF9DR3;https://www.amazon.com.br/dp/B0B8ZF9DR3
Móveis;16;8;Colchão Queen Emma Basics 17 cm - 158x198 cm Espuma D28 17cm com Tecnologia Alemã, Firmeza Ideal, Suporte Confortável, 100 Noites de Teste e 5 Anos de;Emma;Colchões;;0;sem Buy Box;B0BTDW64QM;https://www.amazon.com.br/dp/B0BTDW64QM
Móveis;17;10;Mesa para Escritório Office Estilo Industrial 1,50m Kuadra, Compace;Compace;Mesas e Escrivaninhas para Escritório;353.0;2;Amazon;B089XVR312;https://www.amazon.com.br/dp/B089XVR312
Móveis;18;10;Mesa para Escritório Office Estilo Industrial 1,50m Kuadra, Trevalla, Snow/Est.Preta;Compace;Mesas e Escrivaninhas para Escritório;325.38;2;Amazon;B089Y2TN1Y;https://www.amazon.com.br/dp/B089Y2TN1Y
Móveis;19;10;Escrivaninha Trevalla Kuadra Me150-E10 Industrial 150cm Preto Onix;Compace;Mesas e Escrivaninhas para Escritório;349.98;2;Amazon;B089Y3S71L;https://www.amazon.com.br/dp/B089Y3S71L
Móveis;20;11;Vonder, Banqueta Plástica Dobrável, Branca, Altura 220 Mm;VONDER;Banquetas Escadas;42.99;25;Amazon;B07885WTFJ;https://www.amazon.com.br/dp/B07885WTFJ
Alimentos e Bebidas;1;1;O-LIVE & Co, Azeite de oliva extra virgem, Chileno, vidro, 450ml;O-Live & Co.;Ingredientes para Culinária e Confeitaria;28.99;4;Amazon;B0CZS2LGFD;https://www.amazon.com.br/dp/B0CZS2LGFD
Alimentos e Bebidas;2;2;Café Orfeu Clássico em Grãos 1kg;CAFÉ ORFEU;Café em Grãos Torrado;136.05;7;Amazon;B07HDSL78H;https://www.amazon.com.br/dp/B07HDSL78H
Alimentos e Bebidas;3;2;ORFEU Café em Grãos Intenso Torra Escura 1 kg;CAFÉ ORFEU;Café em Grãos Torrado;131.93;4;Amazon;B07HWWTY3K;https://www.amazon.com.br/dp/B07HWWTY3K
Alimentos e Bebidas;4;5;Red Bull Energético, Energy Drink, 250ml, 4 latas;Red Bull;Bebidas Energéticas;29.06;4;Amazon;B004HOEU4M;https://www.amazon.com.br/dp/B004HOEU4M
Alimentos e Bebidas;5;5;Red Bull Energético, Energy Drink, 250ml, 24 latas;Red Bull;Bebidas Energéticas;186.95;5;Amazon;B01G7F3UGC;https://www.amazon.com.br/dp/B01G7F3UGC
Alimentos e Bebidas;6;11;Café em Cápsula NESCAFÉ DOLCE GUSTO Mochaccino Canela 10 Cápsulas;Nescafe;Cápsulas de Café;17.89;9;Amazon;B08KSVQ62G;https://www.amazon.com.br/dp/B08KSVQ62G
Alimentos e Bebidas;7;14;Integralmedica Whey Protein Crisp Bar Ovomaltine 12 Unidades;Integralmedica;Barras de Cereais e Granola;88.0;43;Amazon;B0F2GMT6T3;https://www.amazon.com.br/dp/B0F2GMT6T3
Alimentos e Bebidas;8;14;Integralmédica Whey Crisp Bar Creme de Coco 12 Unidades;Integralmedica;Barras de Cereais;91.87;30;Amazon;B0D7MTSPF2;https://www.amazon.com.br/dp/B0D7MTSPF2
Alimentos e Bebidas;9;14;Integralmedica Whey Crisp Bar Duo Crunch 12 Unidades;Integralmédica;Barras de Cereais e Granola;90.92;40;Amazon;B0C1CQHQGG;https://www.amazon.com.br/dp/B0C1CQHQGG
Alimentos e Bebidas;10;16;Azeite De Oliva Extra Virgem Andorinha - 500ml;Andorinha;Óleos, Azeites, Vinagres e Molhos para Salada;29.9;8;outro;B00P9VQCXY;https://www.amazon.com.br/dp/B00P9VQCXY
Alimentos e Bebidas;11;17;Chocolate Snickers Original Minis 15Un;Snickers;Barras de Chocolate;26.9;1;Amazon;B0G953MNPN;https://www.amazon.com.br/dp/B0G953MNPN
Alimentos e Bebidas;12;26;Heineken Cerveja Lata 473ml Pack 12 Unidades;Heineken;Cervejas Pilsner;78.97;3;Amazon;B09CR3T4QN;https://www.amazon.com.br/dp/B09CR3T4QN
Alimentos e Bebidas;13;27;Dr. Peanut Pasta de Amendoim Avelã 600G - Com Whey Protein;DR. PEANUT;Geleias, Mel e Pastas;39.97;23;outro;B0BVZY7BM6;https://www.amazon.com.br/dp/B0BVZY7BM6
Alimentos e Bebidas;14;27;DR. Peanut Pasta de Amendoim Sabor Chocotine, Pote 600g;DR. PEANUT;Geleias, Mel e Pastas;39.59;17;Amazon;B0BYP6L6FM;https://www.amazon.com.br/dp/B0BYP6L6FM
Alimentos e Bebidas;15;31;L'OR, Café Solúvel Classique Pote de Vidro 130g;L'OR;Café Instantâneo;37.5;3;outro;B0C4M2SYF8;https://www.amazon.com.br/dp/B0C4M2SYF8
Alimentos e Bebidas;16;33;Red Bull Energético, Zero, Sem Açúcar, 250ml, 4 latas;Red Bull;Bebidas Energéticas;31.16;2;Amazon;B0FHSYPGH6;https://www.amazon.com.br/dp/B0FHSYPGH6
Alimentos e Bebidas;17;33;Red Bull Energético, Zero, Sem Açúcar, 250ml, 24 latas;Red Bull;Bebidas Energéticas;188.09;3;Amazon;B0FHT9VYYT;https://www.amazon.com.br/dp/B0FHT9VYYT
Alimentos e Bebidas;18;34;Lacta Bis Laka - Chocolate Branco Kit 3 Unidades 100,8g;Bis;Barras de Chocolate;16.1;3;Amazon;B0CDCMT8FY;https://www.amazon.com.br/dp/B0CDCMT8FY
Alimentos e Bebidas;19;36;KitKat Creme Crocante de Chocolate – Pasta para Passar, 330 g;Kit Kat;Barras de Chocolate;24.99;5;Amazon;B0FMLBQ136;https://www.amazon.com.br/dp/B0FMLBQ136
Alimentos e Bebidas;20;37;Café em Cápsula Compatível com Nespresso Nescafé Farmers Origins Brazil 10 Cápsulas;Nescafe;Café;16.98;3;Amazon;B0D8CM9LNB;https://www.amazon.com.br/dp/B0D8CM9LNB
