categoria;posicao_generico;ranking_categoria;produto;subcategoria;preco;vendedores;buybox;asin;link
Casa;1;258;Kit 5 Caixas Organizadoras com Tampa Plástico Resistente Multiuso Armário Cozinha Lavanderia (BEGE);Caixas de Armazenamento com Tampa;71.01;2;outro;B0FG42WRB8;https://www.amazon.com.br/dp/B0FG42WRB8
Casa;2;258;Kit 5 Caixas Organizadoras com Tampa Plástico Resistente Multiuso Armário Cozinha Lavanderia (CINZA);Caixas de Armazenamento com Tampa;71.01;3;outro;B0FFT9W9GD;https://www.amazon.com.br/dp/B0FFT9W9GD
Casa;3;270;Travesseiro Cervical Ortopédico NASA com Carvão Ativado, Espuma Viscoelástica, Anti-ronco e Apneia, 60x30x13cm, Cinza com Branco;Travesseiros para Pescoço;187.1;1;outro;B0G6MH4R1S;https://www.amazon.com.br/dp/B0G6MH4R1S
Casa;4;330;Pano Multiuso Descartável para Limpeza 20CM X 240M, Rolo com 600 Unidades Picotadas, Alta Absorção, Resistente Úmido ou Seco, Ideal para Cozinha, Empr;Panos de Limpeza Reutilizáveis;41.7;1;outro;B0H5DJCCLC;https://www.amazon.com.br/dp/B0H5DJCCLC
Casa;5;351;Kit Travesseiro 50x70cm Lavavel Anti ácaro 100% Fibra Siliconada Firme - 2 ou 4 Unidades (Kit 2 Unidade);Travesseiros Padrão;50.95;2;outro;B0CPMZGWFZ;https://www.amazon.com.br/dp/B0CPMZGWFZ
Casa;6;390;Kit 2 Tapetes Banheiro Microfibra Antiderrapante Absorvente 58 x 38 cm Cinza;Tapetes para Banheiro;29.81;1;outro;B0GZ11KQWK;https://www.amazon.com.br/dp/B0GZ11KQWK
Casa;7;390;Kit 2 Tapetes Banheiro Microfibra Antiderrapante Absorvente 58 x 38 cm (Taupe);Tapetes para Banheiro;29.81;1;outro;B0H7K8VDXB;https://www.amazon.com.br/dp/B0H7K8VDXB
Casa;8;410;Pano de Microfibra com 5 Unidades Para Limpeza de Pia Vidros Casa e Carro(Automóvel) Anti-risco, 25x25cm Cores Diversas;Panos de Limpeza Reutilizáveis;13.9;1;outro;B0H4C97RVK;https://www.amazon.com.br/dp/B0H4C97RVK
Casa;9;431;Kit 50 Cabides Veludo Preto Antideslizante 360° Camisetas Blusas Calças;Cabides de Guarda-Roupas;65.9;1;outro;B0H96L637V;https://www.amazon.com.br/dp/B0H96L637V
Casa;10;469;Kit 3 Cestos Organizadores de Bambu com Forro Interno – Cestas Organizadoras Decorativas Multiuso Banheiro, Armário, Lavanderia e Cozinha – Organizado;Cestos de Roupa Suja;40.75;1;outro;B0GRFP6315;https://www.amazon.com.br/dp/B0GRFP6315
Casa;11;480;Kit 2 Velas Aromáticas Perfumadas, Lavanda e Vanilla (Baunilha), Natural, 100g Cada, Pote de Vidro com Tampa de Madeira, 20 Horas | cuore Studio (Vani;Velas;59.99;2;outro;B0G4NLDZB8;https://www.amazon.com.br/dp/B0G4NLDZB8
Casa;12;480;Kit 2 Velas Aromáticas Perfumadas, Lavanda e Vanilla (Baunilha), Natural, 100g Cada, Pote de Vidro com Tampa de Madeira, 20 Horas | cuore Studio (Chá ;Velas;59.99;2;outro;B0FSYCY5TL;https://www.amazon.com.br/dp/B0FSYCY5TL
Casa;13;480;Kit 2 Velas Aromáticas Perfumadas, Lavanda e Vanilla (Baunilha), Natural, 100g Cada, Pote de Vidro com Tampa de Madeira, 20 Horas | cuore Studio (Chá-;Velas;59.99;2;outro;B0GV4R7YG7;https://www.amazon.com.br/dp/B0GV4R7YG7
Casa;14;551;Kit 3 Panos de Chão para Rodo Piso 65x45cm;Panos de Limpeza Reutilizáveis;20.8;2;outro;B0G33JW8X7;https://www.amazon.com.br/dp/B0G33JW8X7
Casa;15;558;Rolo 20 Panos Microfibra Limpeza Multiuso Reutilizáveis Limpeza de Pia Vidros Casa e Anti-risco, 25x25cm Cores Diversas;Panos de Limpeza Reutilizáveis;17.9;1;outro;B0HJ8DFP3D;https://www.amazon.com.br/dp/B0HJ8DFP3D
Casa;16;562;Kit 20 Cabides Adulto Preto Antideslizante Reforçado Cabide Resistente Para Roupas Calças Camisetas Contém Porta Gravata Cinto Lenço Camisas Ternos Ga;Cabides de Guarda-Roupas;22.99;1;outro;B0GHB8CWMH;https://www.amazon.com.br/dp/B0GHB8CWMH
Casa;17;601;Kit 50 Cabides Reforçados de Veludo Antideslizante Adulto Ultrafino Bege Gancho 360°;Cabides de Guarda-Roupas;69.9;1;outro;B0F22DMB6X;https://www.amazon.com.br/dp/B0F22DMB6X
Casa;18;629;Varal de chão Dobravel em Aço Reforçado Slim com Abas Retrátil Não Enferruja Suporta 30 kg de Roupas Úmidas Ideal para Casa Apartamento e Lavanderia;Varais;105.0;1;outro;B0GWFXXTV4;https://www.amazon.com.br/dp/B0GWFXXTV4
Casa;19;639;PANO MAGICO ÁKORA LIMPA VIDRO POLIÉSTER E POLIAMIDA (1);Produtos de Limpeza de Uso Geral;17.73;23;outro;B0CYQGW6QJ;https://www.amazon.com.br/dp/B0CYQGW6QJ
Casa;20;671;Kit 3 Panos de Chão Branco 100% Algodão;Panos de Limpeza Reutilizáveis;19.0;1;outro;B0GWGNWR4X;https://www.amazon.com.br/dp/B0GWGNWR4X
Cozinha;1;22;Kit 10 Potes de Vidro Borossilicato 640ml Herméticos com 4 Travas Ideal para Marmitas e Conservação de Alimentos, Vedação Total, Refratário para Forno;Potes e Porta-Mantimentos;87.89;1;outro;B0GSH6DCCJ;https://www.amazon.com.br/dp/B0GSH6DCCJ
Cozinha;2;22;Kit 5 Potes de Vidro Borossilicato 640ml Herméticos com 4 Travas Ideal para Marmitas e Conservação de Alimentos, Vedação Total, Refratário para Forno ;Potes e Porta-Mantimentos;48.0;1;outro;B0GXGTZF1M;https://www.amazon.com.br/dp/B0GXGTZF1M
Cozinha;3;88;Frigideira Grande Em Cerâmica Cabo De Madeira Fundo Indução Fogão a Gás Elétrico e Indução Saudável Frita Sem Usar Óleo Durável;Fritadeiras e Frigideiras;56.0;3;outro;B0FDLHZNS6;https://www.amazon.com.br/dp/B0FDLHZNS6
Cozinha;4;95;Garrafa Térmica Esportiva 800ml Aço Inox 304 Preta Academia Tampa Antivazamento Alça Dobrável BPA Free Parede Dupla Vácuo Fria 12h Quente 8h Infusor F;Garrafas para Bebidas Térmicas;25.97;1;outro;B0FTGT8YJN;https://www.amazon.com.br/dp/B0FTGT8YJN
Cozinha;5;122;Kit 10 Potes Vidro Borossilicato 640ml Marmita Tampa Hermética Resistente;Potes e Porta-Mantimentos;79.9;1;outro;B0HHG7MWTD;https://www.amazon.com.br/dp/B0HHG7MWTD
Cozinha;6;203;Porta Temperos Giratório 12 Potes de Vidro 85ml Organizador Cozinha Moderno;Porta Temperos;27.9;1;outro;B0HK2BCPYV;https://www.amazon.com.br/dp/B0HK2BCPYV
Cozinha;7;244;Coador de Café 103 Filtro Inox Reutilizável Premium – Peneira de Aço Durável e Sustentável, Sem Uso de Papel, Econômico e Ecológico, Fácil de Usar e L;Filtros de Cafeteira;29.9;1;outro;B0FM26JCD7;https://www.amazon.com.br/dp/B0FM26JCD7
Cozinha;8;280;Frigideira Cerâmica 24cm Antiaderente com Cabo de Madeira e Espátula de Silicone – Compatível com Fogão a Gás, Elétrico e Indução, Ideal para Panqueca;Fritadeiras e Frigideiras;38.9;1;outro;B0HHTQ1N1T;https://www.amazon.com.br/dp/B0HHTQ1N1T
Cozinha;9;324;Garrafa Térmica de Água 710ml com Tampa 2 em 1 - Antivazamento, Parede Dupla, Com Alça e Tampa com Trava (Verde Água);Garrafas para Bebidas Térmicas;59.9;1;outro;B0FRVJ16MD;https://www.amazon.com.br/dp/B0FRVJ16MD
Cozinha;10;324;Garrafa Térmica de Água 710ml com Tampa 2 em 1 - Antivazamento, Parede Dupla, Com Alça e Tampa com Trava (Verde Claro);Garrafas para Bebidas Térmicas;62.9;1;outro;B0FRTYDB7B;https://www.amazon.com.br/dp/B0FRTYDB7B
Cozinha;11;336;Kit de Silicone Maciço Premium Grande - Não Risca Panela - Unidade ou Kit Com 6 - Cozinha Antiaderente - Alta Resistência - Escolha Unidade ou Kit Pro;Colheres de Pau e de Cozinha;59.9;1;outro;B0GXC6Q29V;https://www.amazon.com.br/dp/B0GXC6Q29V
Cozinha;12;336;Kit de Silicone Maciço Premium Grande - Não Risca Panela - Unidade ou Kit Com 6 - Cozinha Antiaderente - Alta Resistência - Escolha Unidade ou Kit Pro;Escumadeiras e Colheres de Escorrer;59.9;1;outro;B0H23GTTFV;https://www.amazon.com.br/dp/B0H23GTTFV
Cozinha;13;357;Kit 10 Potes Vidro Borossilicato 640ml Marmita Tampa Hermética Resistente;Potes e Porta-Mantimentos;78.9;1;outro;B0HK1FP486;https://www.amazon.com.br/dp/B0HK1FP486
Cozinha;14;368;Bolsa Térmica Lancheira Isotérmica Para Marmita com Alça de Ombro, Preto;Lancheiras e Bolsas Reutilizáveis;19.99;1;outro;B0HKYYPVQK;https://www.amazon.com.br/dp/B0HKYYPVQK
Cozinha;15;388;Kit 6 Potes de Vidro Herméticos Retangulares 640 ml;Potes e Porta-Mantimentos;39.9;1;outro;B0HJJ1VVKL;https://www.amazon.com.br/dp/B0HJJ1VVKL
Cozinha;16;410;Coador Café Inox 101 Reutilizável Filtro Permanente Aço Inoxidável Com Suporte Base Cabo Térmico Não Precisa Papel Econômico Premium;Filtros de Cafeteira;19.71;1;outro;B0GWCB5PC8;https://www.amazon.com.br/dp/B0GWCB5PC8
Cozinha;17;445;Kit 6 Potes Vidro Borossilicato 640ml Marmita Tampa Hermética Resistente;Potes e Porta-Mantimentos;43.9;1;outro;B0HK1B4FDP;https://www.amazon.com.br/dp/B0HK1B4FDP
Cozinha;18;495;Conjunto de Panelas 12 Peças Cerâmica Antiaderente Verde Salvia;Conjuntos de panelas e frigideiras;299.0;1;outro;B0HJJ7TVVG;https://www.amazon.com.br/dp/B0HJJ7TVVG
Cozinha;19;495;Conjunto de Panelas 12 Peças Cerâmica Antiaderente Verde;Conjuntos de panelas e frigideiras;299.0;1;outro;B0HJJLCS7K;https://www.amazon.com.br/dp/B0HJJLCS7K
Cozinha;20;500;Kit 15 Potes Herméticos para Mantimentos com Etiquetas e Caneta, Organizadores de Cozinha, Livre de BPA, Empilháveis, Tampa com Trava Lateral e Vedaçã;Potes e Porta-Mantimentos;93.9;1;outro;B0H6NNQVRY;https://www.amazon.com.br/dp/B0H6NNQVRY
Ferramentas e Materiais de Construção;1;23;Luva Nitrilica Preta Linha Super Premium Totalmente Sem Pó Antiderrapante Moderna Com 100 Unidades Descartável | P M ou (G);Luvas Caixa Seca;26.9;1;outro;B0G1KFSRCQ;https://www.amazon.com.br/dp/B0G1KFSRCQ
Ferramentas e Materiais de Construção;2;98;Trena BOMVINK 5m 16 Pés com Fita 19mm e Trava, Compacta e Resistente para Obras, Reformas, Marcenaria e Uso Doméstico;Trenas de Fita e Roda;;0;sem Buy Box;B0HLKKS1ZM;https://www.amazon.com.br/dp/B0HLKKS1ZM
Ferramentas e Materiais de Construção;3;105;Luva Nitrílica Sem Pó - Caixa com 100 Unidades | Resistente a Produtos Químicos (Azul, M);Luvas Caixa Seca;34.9;1;outro;B0FYRBPFMT;https://www.amazon.com.br/dp/B0FYRBPFMT
Ferramentas e Materiais de Construção;4;160;Lanterna Tática LED Recarregável USB de Alta Potência | Zoom Ajustável | 3 Modos de Iluminação | Resistente e Compacta | Ideal para Camping, Trilhas, ;Lanternas de Mão;15.9;1;outro;B0H685CY2H;https://www.amazon.com.br/dp/B0H685CY2H
Ferramentas e Materiais de Construção;5;165;Lanterna T9 Tática LED Recarregável P50 Alta Potência 1200 Lumens Zoom Longo Alcance Ajustável Profissional - 3 Modos de Iluminação - Camping Trilhas ;Lanternas de Mão;29.9;1;outro;B0GMTWQ6JZ;https://www.amazon.com.br/dp/B0GMTWQ6JZ
Ferramentas e Materiais de Construção;6;192;Parafusadeira Furadeira de Impacto Sem Fio 48V Com 2 Baterias Bivolt 32 Acessórios Maleta Completa Para Uso Profissional;Furadeiras de Impacto;112.9;1;outro;B0GWS1N2RY;https://www.amazon.com.br/dp/B0GWS1N2RY
Ferramentas e Materiais de Construção;7;200;Lanterna LED UV Luz Negra Ultravioleta Recarregável Potente Caça Escorpião Inseto Aranha Urina Gato Pets Manchas Animais Carrega USB com Cabo;Lanternas de Mão;17.97;1;outro;B0HBLV6X64;https://www.amazon.com.br/dp/B0HBLV6X64
Ferramentas e Materiais de Construção;8;211;Adaptador de Tomada T Articulado 10A e 20A Bivolt 110V/220V Até 250V – Benjamin Flexível para Espaços Reduzidos, Atrás de Móveis, Sofás, Racks e Armár;Tomadas Elétricas;11.9;1;outro;B0HJ3T35VX;https://www.amazon.com.br/dp/B0HJ3T35VX
Ferramentas e Materiais de Construção;9;229;Jogo de Soquete Kit com 46 peças Ferramentas Chave Catraca Conjunto de Soquetes Métricos Sextavadas Chave Allen Torx e Barra de Extensão Reparos Autom;Kits de Ferramentas Manuais;23.99;1;outro;B0FKKS1PFG;https://www.amazon.com.br/dp/B0FKKS1PFG
Ferramentas e Materiais de Construção;10;247;Parafusadeira Furadeira de Impacto 36V Profissional Sem Fio | Mandril 10mm, Torque 32Nm, 2 Baterias Recarregáveis, Controle de Velocidade | Kit Comple;Furadeiras de Impacto;109.9;1;outro;B0HF328K68;https://www.amazon.com.br/dp/B0HF328K68
Ferramentas e Materiais de Construção;11;281;Tomada Inteligente Wi-Fi 16A Bivolt Smart Plug 2.4GHz Smart Life Controle Pelo App Para Automação Residencial Casa Inteligente - Linha Premium;Tomadas Elétricas;29.9;1;outro;B0HKQRKQZK;https://www.amazon.com.br/dp/B0HKQRKQZK
Ferramentas e Materiais de Construção;12;295;Adaptador de Tomada Articulado com 3 Entradas 10A/20A – Benjamin Giratório Compacto Bivolt para Casa e Escritório;Equipamento Elétrico;13.99;1;outro;B0H8FJ3S7J;https://www.amazon.com.br/dp/B0H8FJ3S7J
Ferramentas e Materiais de Construção;13;320;Parafusadeira e Furadeira 48V Sem Fio com Impacto Mandril 10mm;Parafusadeiras Elétricas;139.99;1;outro;B0GWY89VFX;https://www.amazon.com.br/dp/B0GWY89VFX
Ferramentas e Materiais de Construção;14;348;Trena Profissional 10 m Aço Emborrachada com Trava, Fita Métrica Resistente, Trena Manual, Medição Precisa, Construção, Carpinteiro, Pedreiro, Ferrame;Trenas de Fita e Roda;24.98;1;outro;B0GVPPRTQ3;https://www.amazon.com.br/dp/B0GVPPRTQ3
Ferramentas e Materiais de Construção;15;385;Alicate Desencapador de Fios 3 em 1 – Decapador Descascador Crimpador Automático 0,2 a 6mm² – Cortador para Cabos Elétricos com Ajuste Preciso e Cabo ;Alicates para Descascar e Crimpar;39.9;1;outro;B0DGQRLVGS;https://www.amazon.com.br/dp/B0DGQRLVGS
Ferramentas e Materiais de Construção;16;409;Tomada Inteligente Wi-Fi Bivolt 16A Smart Plug – Monitor de Consumo, Controle pelo Celular e Automação com Alexa, Google Home, Tuya e Smart Life;Tomadas Elétricas;32.9;1;outro;B0HKT7519S;https://www.amazon.com.br/dp/B0HKT7519S
Ferramentas e Materiais de Construção;17;424;Luva termica LONGA 53cm Longa Resistente ao Calor | Silicone com Forro Interno Macio – Pegue Panelas, Formas e Assadeiras Quentes, Use no Forno com Pe;Luvas de Segurança de Forno;13.71;1;outro;B0HJQMZ69T;https://www.amazon.com.br/dp/B0HJQMZ69T
Ferramentas e Materiais de Construção;18;434;Kit de Ferramentas Maleta Completa Jogo Caixa Ferramentas Reparo Domesticos, Estojo Compacto, Martelo Alicate e Diversos;Jogos de Chaves de Fenda;59.8;1;outro;B0GVVS5TNS;https://www.amazon.com.br/dp/B0GVVS5TNS
Ferramentas e Materiais de Construção;19;435;Cadeado para Bicicleta com Senha 4 Dígitos Cabo de Aço Reforçado 8mm x 100cm Antifurto para Bike Moto Patinete Portão Carrinho e Equipamentos;Travas com Combinação ou Senha;18.9;1;outro;B0H6K14WP1;https://www.amazon.com.br/dp/B0H6K14WP1
Ferramentas e Materiais de Construção;20;454;Jogo de Brocas 16 Peças com Estojo Kit Completo para Madeira Metal Concreto Ferro Aço Para furadeira e Parafusadeira Alta Durabilidade e Corte Preciso;Brocas;28.99;1;outro;B0GWYJ6RVV;https://www.amazon.com.br/dp/B0GWYJ6RVV
Esporte;1;68;Kit 17 Peças Elástico Extensor + Miniband Treino Em Casa Exercício Físico Academia Fisioterapia Musculação Crossfit Pilates Yoga Aquecimento Funcional;Elásticos para Exercício;44.9;1;outro;B0D135W23C;https://www.amazon.com.br/dp/B0D135W23C
Esporte;2;79;KIT com 3 Faixas Thera BandS de Resistência Fisioterapia Fortalecimento;Faixas de Resistência;20.69;1;outro;B0F67QQ86V;https://www.amazon.com.br/dp/B0F67QQ86V
Esporte;3;127;Kit 5 Faixas Elásticas Elásticos Alongamento Pilates Yoga Exercícios Condicionamento Físico Yoga Fisioterapia Saúde Relaxamento Academia Músculos Pers;Elásticos para Exercício;14.5;1;outro;B0GYT4CCJM;https://www.amazon.com.br/dp/B0GYT4CCJM
Esporte;4;135;Bola de Vôlei Profissional Material Sintético para Treino e Competição Total Soft Bola para Piscina Tamanho n5;Bolas de vôlei Soft japonesas;27.9;1;outro;B0GYVLL7XF;https://www.amazon.com.br/dp/B0GYVLL7XF
Esporte;5;144;Bola de Futebol N°5 Oficial Premium – Escolha Sua Cor + Opção Kit Econômico com 2 Unidades | Resistente para Campo, Society e Quadra;Bolas de jogo de futebol;25.9;1;outro;B0GXCLS89S;https://www.amazon.com.br/dp/B0GXCLS89S
Esporte;6;144;Bola de Futebol N°5 Oficial Premium – Escolha Sua Cor + Opção Kit Econômico com 2 Unidades | Resistente para Campo, Society e Quadra;Bolas de jogo de futebol;25.9;1;outro;B0GXCGRRQL;https://www.amazon.com.br/dp/B0GXCGRRQL
Esporte;7;144;Bola de Futebol N°5 Oficial Premium – Escolha Sua Cor + Opção Kit Econômico com 2 Unidades | Resistente para Campo, Society e Quadra;Bolas de jogo de futebol;25.9;1;outro;B0GXCHXJWR;https://www.amazon.com.br/dp/B0GXCHXJWR
Esporte;8;146;Faixa Elástica Thera Band 1,5 Metro Treino Em Casa Exercício Físico Fisioterapia Academia Yoga Pilates Faixa De Resistência Elástico Extensor Alongame;Faixas Elásticas para Pilates;14.9;1;outro;B0DCTBB1KN;https://www.amazon.com.br/dp/B0DCTBB1KN
Esporte;9;147;Patins Infantil Roller 4 Rodas + Proteção Ajustável (Sereia Roxo, S - 29 ao 32);Patins Sobre Rodas para Crianças;249.99;1;outro;B0FMGKBQ9W;https://www.amazon.com.br/dp/B0FMGKBQ9W
Esporte;10;170;KIT com 3 Faixa Elásticas de Resistência TheraBandS para Exercícios, Fisioterapia, Yoga, Pilates, Musculação – Cores Sortidas Premium;Faixas de Resistência;23.99;1;outro;B0GWPPNHYF;https://www.amazon.com.br/dp/B0GWPPNHYF
Esporte;11;178;Tapete de Yoga Dupla Camada EVA Rosa 6mm Antiderrapante Pilates Fitness Ginástica (Rosa);Itens para Yoga;69.9;1;outro;B0F6P1N97V;https://www.amazon.com.br/dp/B0F6P1N97V
Esporte;12;178;Tapete de Yoga Dupla Camada EVA Verde e Cinza 6mm Antiderrapante Pilates Fitness Ginástica (Verde e Cinza);Itens para Yoga;74.9;1;outro;B0F6NXQ94L;https://www.amazon.com.br/dp/B0F6NXQ94L
Esporte;13;178;Tapete de Yoga Dupla Camada EVA Lilás e Rosa 6mm Antiderrapante Pilates Fitness Ginástica (Lilás e Rosa);Itens para Yoga;;0;sem Buy Box;B0F6P9TFXC;https://www.amazon.com.br/dp/B0F6P9TFXC
Esporte;14;179;Joelheira de Compressão Ortopédica Premium com Faixa Ajustável | Suporte Estabilizador para Joelho | Alívio da Dor | Ideal para Academia, Corrida, Cam;Suportes para Joelho;14.9;1;outro;B0HKY4DG2J;https://www.amazon.com.br/dp/B0HKY4DG2J
Esporte;15;184;Tapete Yoga, Pilates, Resistente, 183cm*61cm, 6mm (Rosa Claro);Colchonetes e Tapetes para Pilates;114.97;1;outro;B0GRWQNPNP;https://www.amazon.com.br/dp/B0GRWQNPNP
Esporte;16;190;Kit 3 Faixas Elásticas Hip Band para Exercícios com 3 Níveis de Intensidades Treino de Pernas e Glúteos, Bandas de Resistência para Academia, Fitness ;Faixas de Resistência;21.9;1;outro;B0HDPT1BSD;https://www.amazon.com.br/dp/B0HDPT1BSD
Esporte;17;196;Kit Faixas Elásticas de Resistência com 5 Níveis de Intensidade, yoga, pilates, academia, alongamento.;Faixas Elásticas para Pilates;9.9;1;outro;B0HJYFZK58;https://www.amazon.com.br/dp/B0HJYFZK58
Esporte;18;200;Par de Luva Academia Musculação Feminina Masculina Luva Ciclismo Treino Fitness Ginástica Proteção Antiderrapante Anticalos Ajustável Acolchoada Anatô;Luvas para Academia e Exercícios;31.0;1;outro;B0FT3M6VTM;https://www.amazon.com.br/dp/B0FT3M6VTM
Esporte;19;203;Kit de Halteres Ajustável 6 em 1 15kg com Barra Longa, Barra Curta, Kettlebell e Apoio para Flexões, Pesos Multifuncionais para Musculação e Treino Co;Halteres e Pesos para Exercícios e Academia;144.9;1;outro;B0HD4QL8PK;https://www.amazon.com.br/dp/B0HD4QL8PK
Esporte;20;216;Conjunto de Halteres e Barra 15kg | Kit Musculação Completo para Treinar em Casa | Anilhas e Barras Ajustáveis | Academia em Casa Compacta;Barras para Levantamento de Peso e Academia;149.0;1;outro;B0FX34R2KX;https://www.amazon.com.br/dp/B0FX34R2KX
Pet Shop;1;77;Tapete Higiênico P/cães 60x90 50 Unidades Premium Comfort Higienepet;Tapetes Higiênicos Treinamento Cães Descartáveis;64.9;1;outro;B0G15BHTR1;https://www.amazon.com.br/dp/B0G15BHTR1
Pet Shop;2;154;Tapete Higiênico para Cachorros Descartável 50x60 cm 50un;Tapetes Higiênicos Treinamento Cães Descartáveis;29.9;1;outro;B0HJJ9BP8S;https://www.amazon.com.br/dp/B0HJJ9BP8S
Pet Shop;3;251;Tapete Higienico 50 Unidades 60cmx60cm Branca Zentra Imports Branco;Tapetes Higiênicos Treinamento Cães Descartáveis;42.48;2;outro;B0G2N1ZM2B;https://www.amazon.com.br/dp/B0G2N1ZM2B
Pet Shop;4;277;Kit 5 Areia Higiênica Sanitária Grão Fino Para Gatos 4kg Kets Gatissimo Sem Perfume Premium Natural Alfa Pet;Areia para Gatos;44.9;1;outro;B0FNRLJQ9N;https://www.amazon.com.br/dp/B0FNRLJQ9N
Pet Shop;5;409;Macaco de Pelúcia para Cachorros 40 cm com Apito, Brinquedo Interativo para Cães, Mordedor para Mastigação Leve, Enriquecimento Ambiental e Diversão;Brinquedos de Pelúcia para Cães;20.9;1;outro;B0HJP6NQB1;https://www.amazon.com.br/dp/B0HJP6NQB1
Pet Shop;6;438;Kit 5 Areia Higiênica Sanitária Star Pop Premium Grãos Médios Para Gatos 4kg Natural Argila;Areia para Gatos;28.9;1;outro;B0FV8T8SMW;https://www.amazon.com.br/dp/B0FV8T8SMW
Pet Shop;7;477;Genérico Tapete Arranhador Adesivo Protetor (Preto, 50cm x 50cm) para Gatos;Tapetes Arranhadores para Gatos;39.9;1;outro;B0DP3JC9JJ;https://www.amazon.com.br/dp/B0DP3JC9JJ
Pet Shop;8;543;Coleira Peitoral para Cachorros e Gatos com Colete Reflexivo Regulável e Guia de Passeio (PRETO, L);Peitorais para Cães;29.99;1;outro;B0F7JXFZ9H;https://www.amazon.com.br/dp/B0F7JXFZ9H
Pet Shop;9;581;Tapete Higiênico P/cães 60x60 50 Unidades Premium Comfort Higienepet;Tapetes Higiênicos Treinamento Cães Descartáveis;49.9;1;outro;B0G15TMDX3;https://www.amazon.com.br/dp/B0G15TMDX3
Pet Shop;10;586;Areia Higiênica Granulado Para Gatos 4kg Mandioca + Minerais Super Premium Controle De Odores Alta Absorção Econômica Biodegradável Não Suja Patinhas ;Areia para Gatos;24.99;1;outro;B0GZHYWX2G;https://www.amazon.com.br/dp/B0GZHYWX2G
Pet Shop;11;599;Kit 5 Brinquedo para Filhote Mordedor para cachorros Bolinha Pet Galinha Sonoro;Brinquedos Mordedores para Cães;29.9;1;outro;B0CS9V8W2V;https://www.amazon.com.br/dp/B0CS9V8W2V
Pet Shop;12;632;Cama Pet Extra Grande Quadrada Impermeável Azul;Camas Tatame para Cães;64.6;2;outro;B0G9BKMZTW;https://www.amazon.com.br/dp/B0G9BKMZTW
Pet Shop;13;723;Kit 5 Areia Higiênica Sanitária Mimo Cat Tradicional Grãos Médios Para Gatos 4kg Premium Natural Argila;Areia para Gatos;29.9;1;outro;B0FV65LT5Z;https://www.amazon.com.br/dp/B0FV65LT5Z
Pet Shop;14;751;Caixa De Transporte Pet Para Cães Gatos Coelhos N2 Amarelo - Durapets;Dog Hard-sided transportadores de viagem;39.9;1;outro;B0H9BGKRZR;https://www.amazon.com.br/dp/B0H9BGKRZR
Pet Shop;15;751;Caixa De Transporte Pet Para Cães Gatos Coelhos N4 Rosa - Durapets;Dog Hard-sided transportadores de viagem;59.9;1;outro;B0H9BFBDJR;https://www.amazon.com.br/dp/B0H9BFBDJR
Pet Shop;16;751;Caixa De Transporte Pet Para Cães Gatos Coelhos N2 Rosa - Durapets;Dog Hard-sided transportadores de viagem;;0;sem Buy Box;B0H9B91V3P;https://www.amazon.com.br/dp/B0H9B91V3P
Pet Shop;17;800;Shampoo Cães Dermatite Coceira Irritação Pele Sensível Alívio Rápido 500ml;Cão Shampoos;28.9;2;outro;B0FXHXZLLL;https://www.amazon.com.br/dp/B0FXHXZLLL
Pet Shop;18;816;Bolinha Interativa para Cachorro e Gato Recarregável USB, Brinquedo Automático com Movimento Aleatório, Antiestresse, Inteligente, Estimula Exercícios;Bolas de Brinquedo para Gatos;13.9;1;outro;B0GYKT892N;https://www.amazon.com.br/dp/B0GYKT892N
Pet Shop;19;842;Escova Rasqueadora Pet Tira Pelos Cachorro Gato Cão com Cerdas de Aço Flexíveis e Cabo Ergonômico Escovas Limpeza Autolimpantes para Queda e Cuidados ;Escovas de Cerda, Rasqueadeiras e Rastelos para Cães;23.99;1;outro;B0FBCCWSX5;https://www.amazon.com.br/dp/B0FBCCWSX5
Pet Shop;20;842;Escova Rasqueadora Pet Tira Pelos Cachorro Gato Cão com Cerdas de Aço Flexíveis e Cabo Ergonômico Escovas Limpeza Autolimpantes para Queda e Cuidados ;Escovas de Cerda, Rasqueadeiras e Rastelos para Cães;25.99;1;outro;B0FBCCZMWX;https://www.amazon.com.br/dp/B0FBCCZMWX
Beleza;1;448;Escova de Fitagem para Cabelos Cacheados, Crespos e Ondulados – Escova Finalizadora com Cerdas Flexíveis de Dupla Altura, Desembaraçante para Definiçã;Escovas de Cabelo;6.9;1;outro;B0HKLX379Q;https://www.amazon.com.br/dp/B0HKLX379Q
Beleza;2;1053;Escova de Fitagem Profissional para Cachos e Ondas, Finalizadora Onda Gringa, Raquete Wave com Separador de Mechas, Desembaraça e Modela sem Frizz, Ca;Escovas de Cabelo;10.9;1;outro;B0HC86G3HS;https://www.amazon.com.br/dp/B0HC86G3HS
Beleza;3;1310;Body Splash Pure Nature La Vida Bella 200 ml Feminino Frutado Floral com B5;Fragrâncias Femininas;25.99;1;outro;B0HJFC21Q4;https://www.amazon.com.br/dp/B0HJFC21Q4
Beleza;4;1502;Kit Esponjas Para Maquiagem Profissional Com Estojo e Pincel– 1 Pincel Hexagonal, 1 Esponja Cogumelo, 2 Esponjas Gota 3D – Aplicação deCorretivo, Cont;Esponjas e Aplicadores de Maquiagem;15.9;1;outro;B0HFKGVYSJ;https://www.amazon.com.br/dp/B0HFKGVYSJ
Beleza;5;1592;Máscara de Cílios 4D, Rímel 2 em 1, Alongamento e Volume, Preta à Prova d'Água, 15g - Maquiagem;Rímeis e Máscaras;19.61;1;outro;B0FJ7R4CPT;https://www.amazon.com.br/dp/B0FJ7R4CPT
Beleza;6;1720;Kit 10 Pincéis de Maquiagem com Estojo Cerdas Sintéticas Macias, Portátil e Completo para Base, Pó, Blush, Corretivo e Sombras – Travel Size Ideal par;Kits de Pincel de Maquiagem;16.5;1;outro;B0HKDZ714X;https://www.amazon.com.br/dp/B0HKDZ714X
Beleza;7;2230;Sabonete em Folhas Portátil com Case Compacta 50 Unidades – Sabonete Descartável para Higiene das Mãos, Ideal para Viagem, Bolsa, Mochila, Carro, Esco;Sabonetes;6.99;1;outro;B0HKT3GNRZ;https://www.amazon.com.br/dp/B0HKT3GNRZ
Beleza;8;2338;Base Stick 3 em 1, Base, Corretivo e Contorno, Acabamento Soft Matte, 7g, Resistente à Água, Longa Duração - Maquiagem (04, Padrão);Bases para Maquiagem;22.49;1;outro;B0DY8MQ844;https://www.amazon.com.br/dp/B0DY8MQ844
Beleza;9;2484;Kit Esponja para Maquiagem 5 Peças Cor Sortida;Esponjas e Aplicadores de Maquiagem;16.99;1;outro;B0H13HSNDW;https://www.amazon.com.br/dp/B0H13HSNDW
Beleza;10;2576;Kit Pincéis Maquiagem 10 Peças Travel Size Nécessaire Cerdas Macias - Rosa;Kits de Pincel de Maquiagem;26.9;1;outro;B0FQCGXPV4;https://www.amazon.com.br/dp/B0FQCGXPV4
Beleza;11;2576;Kit Pincéis Maquiagem 10 Peças Travel Size Nécessaire Cerdas Macias - Preto;Kits de Pincel de Maquiagem;26.9;1;outro;B0FQCKXGPY;https://www.amazon.com.br/dp/B0FQCKXGPY
Beleza;12;2594;Kit de Pincéis de Maquiagem 8 Peças/ 12 Peças / 15 PeçasProfissional Esfumar Contorno Cerdas Sintéticas Macias - Completo para Todos os Tipos de Make ;Kits de Pincel de Maquiagem;21.99;1;outro;B0G63QS7W3;https://www.amazon.com.br/dp/B0G63QS7W3
Beleza;13;2667;Base Fluida Bem Basiquinha, Base Facial Líquida Vegana, 30ml, 03;Bases para Maquiagem;25.26;1;outro;B0FH4BQQCV;https://www.amazon.com.br/dp/B0FH4BQQCV
Beleza;14;2878;Kit Pincéis de Maquiagem com 8 Peças - Cerdas Macias Sintéticas - Completo para Base, Pó, Blush, Corretivo, Iluminador, Sombras e Contorno PREMIUM;Kits de Pincel de Maquiagem;32.9;1;outro;B0G5QQY6RZ;https://www.amazon.com.br/dp/B0G5QQY6RZ
Beleza;15;2878;Kit Pincéis de Maquiagem com 8 Peças - Cerdas Macias Sintéticas - Completo para Base, Pó, Blush, Corretivo, Iluminador, Sombras e Contorno PREMIUM (Pr;Kits de Pincel de Maquiagem;;0;sem Buy Box;B0GZJ35ZJ3;https://www.amazon.com.br/dp/B0GZJ35ZJ3
Beleza;16;3245;Escova Mágica Premium | Escova Desembaraçadora Flexível para Cabelos Molhados e Secos | Anti Quebra e Anti Frizz | Cerdas Macias | Design Ergonômico |;Escovas de Cabelo;9.51;1;outro;B0H7YPT6N7;https://www.amazon.com.br/dp/B0H7YPT6N7
Beleza;17;3286;Kit 10 Pincéis de Maquiagem com Estojo Cerdas Sintéticas Macias, Portátil e Completo para Base, Pó, Blush, Corretivo e Sombras – Travel Size Ideal par;Kits de Pincel de Maquiagem;29.99;1;outro;B0FG9T44ZX;https://www.amazon.com.br/dp/B0FG9T44ZX
Beleza;18;3445;Escova de Cabelo de Bambu Natural, Antiestática, Cerdas Arredondadas, 23,5 x 8,5 cm, para Todos os Tipos de Cabelo;Escovas de Cabelo;34.99;1;outro;B0GY9HCLP6;https://www.amazon.com.br/dp/B0GY9HCLP6
Beleza;19;3618;Escova Polvo Desembaraçadora 8 Pontas Flexíveis para Cabelos Cacheados, Crespos e Ondulados, Anti-Quebra, Reduz Nós e Frizz, Uso Diário e Profissional;Escovas de Cabelo;4.9;1;outro;B0HHT9K58Y;https://www.amazon.com.br/dp/B0HHT9K58Y
Beleza;20;3702;Kit 10 Pincéis de Maquiagem Profissionais com Nécessaire – Cerdas Sintéticas Macias para Base, Pó, Blush, Corretivo, Sombra e Olhos, Estojo Portátil C;Kits de Pincel de Maquiagem;;0;sem Buy Box;B0HKTJV3QX;https://www.amazon.com.br/dp/B0HKTJV3QX
Saúde e Bem-Estar;1;150;Balança Corporal Bioimpedância Premium Com Visor Inteligente Bluetooth Composição Corporal Peso Controle da Sua Saúde Completo Com Aplicativo;Balanças;26.9;1;outro;B0F8C4M33R;https://www.amazon.com.br/dp/B0F8C4M33R
Saúde e Bem-Estar;2;207;Balança Digital Bioimpedância Premium Bluetooth com App Saúde iOS Android para IMC Gordura Corporal Massa Muscular Massa Óssea Água Corporal Taxa Meta;Balanças;27.99;1;outro;B0DGVS763S;https://www.amazon.com.br/dp/B0DGVS763S
Saúde e Bem-Estar;3;287;Mg Complex - 4 Tipos de Magnésio - 90 Capsulas - Essential Nutrition;Suplementos de Vitaminas;99.9;32;outro;B0DB8W7QKT;https://www.amazon.com.br/dp/B0DB8W7QKT
Saúde e Bem-Estar;4;322;Balança Corporal Premium Digital de Vidro Temperado Transparente até 180kg com Display Automática Precisa Fitness Saúde Academia Banheiro Casa Pesagem;Balanças;26.9;1;outro;B0FSSR2R3L;https://www.amazon.com.br/dp/B0FSSR2R3L
Saúde e Bem-Estar;5;348;Balança Digital com Bioimpedância Bluetooth até 140kg, App para Android e iOS, 13 Indicadores Corporais, IMC, Gordura Corporal, Massa Muscular, Água C;Balanças;24.99;1;outro;B0HKKJ4PD7;https://www.amazon.com.br/dp/B0HKKJ4PD7
Saúde e Bem-Estar;6;420;Nebulizador Inalador Ultrassonico Sem Fio Recarregavel USB Compacto Portatil Silencioso Criança Adulto Mesh Mini Ultrassom Infantil Premium;Inaladores, Nebulizadores e Acessórios;21.19;1;outro;B0FH11C33L;https://www.amazon.com.br/dp/B0FH11C33L
Saúde e Bem-Estar;7;597;PSYLLIUM HUSK FIBRA (100% NATURAL) 500g - PSILLIUM;Suplementos Naturais;19.94;2;outro;B0DQJSN2GZ;https://www.amazon.com.br/dp/B0DQJSN2GZ
Saúde e Bem-Estar;8;612;Fio Dental com Haste 2 em 1 Descartável – 100 Unidades, Limpeza Profunda Entre os Dentes, Design Antideslizante, Uso Prático e Higiênico para Adultos ;Fios Dentais;13.57;1;outro;B0GXMMJ6BD;https://www.amazon.com.br/dp/B0GXMMJ6BD
Saúde e Bem-Estar;9;623;Massageador Elétrico Pistola Muscular Profissional Recarregável 4 Ponteiras Massagem Relaxante Alívio Dores Pós-Treino Miofascial Fitness Corpo Inteir;Massageadores Elétricos e Acessórios;33.56;1;outro;B0DCZY7KTV;https://www.amazon.com.br/dp/B0DCZY7KTV
Saúde e Bem-Estar;10;643;Fio Dental com Haste 2 em 1 Floss Picks 100 Unidades, Fio Macio e Resistente, Limpeza Interdental, Ponta Curva, Prático e Portátil;Fios Dentais;10.99;1;outro;B0HKZTJS1B;https://www.amazon.com.br/dp/B0HKZTJS1B
Saúde e Bem-Estar;11;711;Fio Dental com Haste 2 em 1 FLOSS PICKS– 100 Unidades, Fio Resistente e Cabo Anatômico Antideslizante, Limpeza Interdental Profunda, Portátil para Uso;Fios Dentais;13.99;1;outro;B0GWKWKZ1W;https://www.amazon.com.br/dp/B0GWKWKZ1W
Saúde e Bem-Estar;12;733;Balança Corporal Digital de Vidro com Visor LCD até 180kg;Balanças;19.9;1;outro;B0HKLBM2X3;https://www.amazon.com.br/dp/B0HKLBM2X3
Saúde e Bem-Estar;13;793;Medidor de Pressão Arterial de Pulso Digital Automático Voz em Português;Monitores;57.9;1;outro;B0HCDVXB6N;https://www.amazon.com.br/dp/B0HCDVXB6N
Saúde e Bem-Estar;14;816;Massageador Mãozinha Elétrico 3D com Aquecimento, Recarregável USB-C;Massageadores Elétricos e Acessórios;83.99;1;outro;B0HJBCVDXY;https://www.amazon.com.br/dp/B0HJBCVDXY
Saúde e Bem-Estar;15;861;Aparelho de Pressão Digital de Braço com Detector Arritmia e Memória;Monitores;49.37;1;outro;B0GD8SJNSL;https://www.amazon.com.br/dp/B0GD8SJNSL
Saúde e Bem-Estar;16;879;Lavitan Colágeno Hidrolisado Verisol Cimed Sabor Maça Verde 300g;Suplementos Nutricionais de Colágeno;41.99;1;outro;B0HFSXJSMG;https://www.amazon.com.br/dp/B0HFSXJSMG
Saúde e Bem-Estar;17;955;Monitor de Pressão Arterial Digital Automático de Braço com Display LCD;Monitores;42.9;1;outro;B0GY955TBJ;https://www.amazon.com.br/dp/B0GY955TBJ
Saúde e Bem-Estar;18;969;Termômetro Digital Flexível Clínico com Resultado Rápido em 8 Segundos, Visor LCD, Ponta Macia Impermeável, Medidor de Febre para Bebês, Crianças e Ad;Termômetros para Cuidados com a Saúde;49.91;1;outro;B0H31PTNDN;https://www.amazon.com.br/dp/B0H31PTNDN
Saúde e Bem-Estar;19;969;Termômetro Digital Flexível Clínico com Resultado Rápido em 8 Segundos, Visor LCD, Ponta Macia Impermeável, Medidor de Febre para Bebês, Crianças e Ad;Termômetros para Cuidados com a Saúde;49.91;1;outro;B0H2ZWVWG4;https://www.amazon.com.br/dp/B0H2ZWVWG4
Saúde e Bem-Estar;20;984;Máscara Descartável Facial 100 Unidades 3 Tripla Camada De Proteção Atóxica Hipoalérgica Livre De Látex Não Estéril 2 Camadas Em TNT E 1 Camada Intern;Máscaras Cirúrgicas Descartáveis;24.9;1;outro;B0GSCJKKF7;https://www.amazon.com.br/dp/B0GSCJKKF7
Bebês;1;181;Kit Introdução Alimentar Bebê 8 Peças Prato + Bowl Babador Copo + Tampa com Canudo + 2 Talheres + 2 Talheres Ponta Silicone Cabo de Madeira 100% Silic;Conjuntos de Talheres de Criança;42.9;1;outro;B0D6SQS6M4;https://www.amazon.com.br/dp/B0D6SQS6M4
Bebês;2;233;Toalha Banho Bebe Capuz Bichinho Bordado Microfibra 80x80cm Recem Nascido;Toalhas de Banho e com Capuz para Bebês;23.9;1;outro;B0HGHQ372V;https://www.amazon.com.br/dp/B0HGHQ372V
Bebês;3;322;Kit Chocalho e Mordedores para Bebê 8 Peças Estímulo Sensorial;Mordedores para Bebês;28.9;2;outro;B0GXCHBQJQ;https://www.amazon.com.br/dp/B0GXCHBQJQ
Bebês;4;356;Girafinha Mordedor Brinquedo para Criança Pelucia;Mordedores para Bebês;32.21;1;outro;B0DKCBG7YP;https://www.amazon.com.br/dp/B0DKCBG7YP
Bebês;5;361;Mordedor Infantil Flexível 360° Livre de BPA Brinquedo para Bebês;Mordedores para Bebês;27.19;3;outro;B0DDYM7YH3;https://www.amazon.com.br/dp/B0DDYM7YH3
Bebês;6;436;Toalha De Banho/Manta Infantil Com Capuz Bichinho Bordado - Tamanho 80x80cm - Toalha Bebê Recém-Nascido, Toque Macio, Absorvente, Ideal Pós-Banho E Pr;Toalhas de Banho e com Capuz para Bebês;29.49;1;outro;B0H523M4SZ;https://www.amazon.com.br/dp/B0H523M4SZ
Bebês;7;453;Kit Higiene Bebê 2 Peças Escova Pente Pontas Arredondadas Penteado Suave;Kits de Higiene e Saúde para Bebês;10.9;1;outro;B0HK5Y2XR8;https://www.amazon.com.br/dp/B0HK5Y2XR8
Bebês;8;522;Toalha De Banho Infantil Com Capuz Bichinho Bordado Algodão Toque Extremamente Macio Suave Para Pele do Bebê Recém Nascido (Rosa);Toalhas de Banho e com Capuz para Bebês;23.9;1;outro;B0FRYRZ58Q;https://www.amazon.com.br/dp/B0FRYRZ58Q
Bebês;9;522;Toalha De Banho Infantil Com Capuz Bichinho Bordado Algodão Toque Extremamente Macio Suave Para Pele do Bebê Recém Nascido (Branco);Toalhas de Banho e com Capuz para Bebês;39.9;1;outro;B0FRVCY7KV;https://www.amazon.com.br/dp/B0FRVCY7KV
Bebês;10;562;Mordedor Infantil Flexível 360 com Chocalho e Texturas Branco;Mordedores para Bebês;47.0;1;outro;B0FLKP5TMV;https://www.amazon.com.br/dp/B0FLKP5TMV
Bebês;11;582;Kit Higiene Bebe - Estojo Cuidado Bebe com 13 em 1 - Bolsa Bebe Organizada e Completa com Tesoura, Pente para Bebe, Termometro, Cortador de Unhas, Lix;Kits de Higiene e Saúde para Bebês;31.49;1;outro;B0DFLGB38Y;https://www.amazon.com.br/dp/B0DFLGB38Y
Bebês;12;582;Kit Higiene Bebe - Estojo Cuidado Bebe com 13 em 1 - Bolsa Bebe Organizada e Completa com Tesoura, Pente para Bebe, Termometro, Cortador de Unhas, Lix;Kits de Higiene e Saúde para Bebês;36.9;1;outro;B0DFLSG6JX;https://www.amazon.com.br/dp/B0DFLSG6JX
Bebês;13;600;Almofada Pescoço Bebê Apoio De Cabeça Cervical, Protetor Bebê Conforto, Carrinho, Cadeirinha Segurança, Travesseiro Bebê Anatômico Antialérgico 100% A;Almofadas e Apoios para Bebê Conforto;28.3;1;outro;B0GYGKG95Y;https://www.amazon.com.br/dp/B0GYGKG95Y
Bebês;14;609;Brinquedo Mordedor Sensorial - Argola Colorida Chocalho para Dentição com Texturas e Sons para Bebês;Mordedores para Bebês;19.9;2;outro;B0H8L2NYXV;https://www.amazon.com.br/dp/B0H8L2NYXV
Bebês;15;616;Toalha De Banho/Manta Infantil Com Capuz Bichinho Bordado 80x80cm, Ideal Pós-Banho E Presente Maternidade Toque Macio, Absorvente Toalha Bebê Recém-Na;Toalhas de Banho e com Capuz para Bebês;18.49;1;outro;B0HFGL9328;https://www.amazon.com.br/dp/B0HFGL9328
Bebês;16;616;Toalha De Banho/Manta Infantil Com Capuz Bichinho Bordado 80x80cm, Ideal Pós-Banho E Presente Maternidade Toque Macio, Absorvente Toalha Bebê Recém-Na;Toalhas de Banho e com Capuz para Bebês;;0;sem Buy Box;B0HFTWP3WJ;https://www.amazon.com.br/dp/B0HFTWP3WJ
Bebês;17;623;1200 Toalhas - Baby Club Lenço Umedecido Aloe Vera Caixa com 12 Pacotes 100un;Lenços Umedecidos para Bebês;77.9;1;outro;B0HG5FQXXY;https://www.amazon.com.br/dp/B0HG5FQXXY
Bebês;18;633;Toalha De Banho Infantil Soft Com Capuz Bichinho Bordado Algodão Toque Extremamente Macio Suave Para Pele do Bebê Recém Nascido, Cobertor Para Recém-N;Toalhas de Banho e com Capuz para Bebês;24.41;1;outro;B0G2D2BXTV;https://www.amazon.com.br/dp/B0G2D2BXTV
Bebês;19;787;Brinquedo Bebe Mordedor Montessoriano Atividades Sensoriais Kidino;Mordedores para Bebês;35.9;2;outro;B0HCP3NRHG;https://www.amazon.com.br/dp/B0HCP3NRHG
Bebês;20;856;Babador Impermeável Infantil, Manga Longa, Bolso para Migalhas, Design Divertido (Cinza);Babadores e Regurgitadores para Bebês;29.9;1;outro;B0FR3YY2QV;https://www.amazon.com.br/dp/B0FR3YY2QV
Brinquedos e Jogos;1;25;Blocos Magnéticos de Construção 78 Peças Brinquedo Educativo Infantil 3D Encaixe Imantado Criativo Kit Montar Crianças STEM Desenvolvimento Cognitivo ;Kit de Blocos para Empilhar de Brinquedo;76.48;1;outro;B0HD2T1ZSW;https://www.amazon.com.br/dp/B0HD2T1ZSW
Brinquedos e Jogos;2;25;Blocos Magnéticos de Construção 30 Peças Brinquedo Educativo Infantil 3D Encaixe Imantado Criativo Kit Montar Crianças STEM Desenvolvimento Cognitivo ;Kit de Blocos para Empilhar de Brinquedo;35.98;1;outro;B0H5X772P6;https://www.amazon.com.br/dp/B0H5X772P6
Brinquedos e Jogos;3;26;Mesinha Didática Infantil com Atividades – Brinquedo Educativo Sensorial com Formas de Encaixe, Engrenagens e Som – Coordenação Motora 12 Meses+;Brinquedos de Encaixar e Montar;43.49;1;outro;B0GWS97F1D;https://www.amazon.com.br/dp/B0GWS97F1D
Brinquedos e Jogos;4;31;Pelúcia Sensorial infantil Conforto de bebê (Leão);Bichinhos e Bichos de Pelúcia;49.9;2;outro;B0DVH8L59F;https://www.amazon.com.br/dp/B0DVH8L59F
Brinquedos e Jogos;5;31;Pelúcia Sensorial infantil Conforto de bebê (Elefante);Bichinhos e Bichos de Pelúcia;55.9;2;outro;B0DVHMT5TX;https://www.amazon.com.br/dp/B0DVHMT5TX
Brinquedos e Jogos;6;31;Pelúcia Sensorial infantil Conforto de bebê (Raposa);Bichinhos e Bichos de Pelúcia;59.21;2;outro;B0DVH95FL4;https://www.amazon.com.br/dp/B0DVH95FL4
Brinquedos e Jogos;7;91;Blocos de Montar Magnéticos com 34 Peças - Brinquedo Educativo Infantil - Construção - Blocos Coloridos;Conjuntos de Blocos de Construção Magnéticos Infantis;47.9;1;outro;B0HFYK7RBD;https://www.amazon.com.br/dp/B0HFYK7RBD
Brinquedos e Jogos;8;147;Jogo Stop Eletrônico 10 Segundos Timer Raciocínio Caça Palavras Educativo Família Cartas Desafio Letras Brinquedo Inteligente Interativo Festa Viagem ;Brinquedos para Aprender a Ler e Escrever;34.99;1;outro;B0GW1G6ZXR;https://www.amazon.com.br/dp/B0GW1G6ZXR
Brinquedos e Jogos;9;185;Blocos de Montar Magnéticos com 36 Peças, Kit de Construção Infantil Colorido, Brinquedo Educativo para Criar Formas 2D e 3D, Estimula Criatividade, R;Conjuntos de Blocos de Construção Magnéticos Infantis;36.9;1;outro;B0HKH2B1NY;https://www.amazon.com.br/dp/B0HKH2B1NY
Brinquedos e Jogos;10;207;Brinquedo de Madeira Infantil Educativo Montessori (Peixes Bilíngue);Brinquedos para Aprender a Ler e Escrever;49.9;1;outro;B0GVPQ22R8;https://www.amazon.com.br/dp/B0GVPQ22R8
Brinquedos e Jogos;11;260;Mini Blocos Magnéticos Infantil 56 Peças de 3,7 cm com Bolsa, Blocos de Montar Magnéticos de Construção 2D e 3D, Brinquedo Educativo STEM Montessori d;Kit de Blocos para Empilhar de Brinquedo;53.97;1;outro;B0HKLDKQ2X;https://www.amazon.com.br/dp/B0HKLDKQ2X
Brinquedos e Jogos;12;273;Brinquedo Educativo Joga Bolinha Joaninha de Encaixar Brinquedos Bebe 1 ano;Brinquedos de Encaixar e Montar;41.19;1;outro;B0FQ9PLPTW;https://www.amazon.com.br/dp/B0FQ9PLPTW
Brinquedos e Jogos;13;370;Brinquedo Educativo Encaixe Formas Geométricas Multicoloridas em Madeira MDF, Jogo Pedagógico Infantil 3+, 4 Colunas Premium;Brinquedos de Encaixar e Montar;20.8;1;outro;B0GRC41D4Y;https://www.amazon.com.br/dp/B0GRC41D4Y
Brinquedos e Jogos;14;422;Jogo Stop Eletrônico Educativo, Tabuleiro com Timer de 10 Segundos, para até 8 Jogadores, +6 Anos;Jogos de Tabuleiro;39.9;1;outro;B0H3VWXZW3;https://www.amazon.com.br/dp/B0H3VWXZW3
Brinquedos e Jogos;15;438;Brinquedo Educativo Montessori Leitor de Cartões Flash Cards Bilíngue Português Inglês 112 Cartas 224 Palavras Alfabetização Infantil Tablet Sonoro In;Cartões de Estudo ou Flash Cards;49.9;1;outro;B0GGVDGQK9;https://www.amazon.com.br/dp/B0GGVDGQK9
Brinquedos e Jogos;16;455;Brinquedo Educativo Para Bebe Ratta Tuff Bate Martelinho Didatico 1 ano;Brinquedos de Bater e Acertar;38.27;1;outro;B0FDBMX3FH;https://www.amazon.com.br/dp/B0FDBMX3FH
Brinquedos e Jogos;17;483;Brinquedo Educativo Torre Giratória Fazendinha Bebê 12 Meses Infantil;Brinquedos de Encaixar e Montar;37.9;1;outro;B0H6GRQHQQ;https://www.amazon.com.br/dp/B0H6GRQHQQ
Brinquedos e Jogos;18;508;Blocos Magnéticos 56 Peças, Brinquedo Educativo de Montar 2D e 3D, Kit de Construção Magnética, Criatividade, Raciocínio Lógico, Coordenação Motora e ;Conjuntos de Blocos de Construção Magnéticos Infantis;58.5;1;outro;B0HJB5SJPX;https://www.amazon.com.br/dp/B0HJB5SJPX
Brinquedos e Jogos;19;547;Caminhão Pista Dinossauro Cegonha Devorador De Carros Rampa 3 em 1;Carros e Carros de Corrida Infantis;104.9;1;outro;B0HD2HFZ4M;https://www.amazon.com.br/dp/B0HD2HFZ4M
Brinquedos e Jogos;20;578;Blocos Magnéticos Infantil de Montar 56 Peças Tamanho Padrão Brinquedo Educativo STEM Construção 2D e 3D Criatividade e Coordenação;Conjuntos de Blocos de Construção Magnéticos Infantis;72.99;1;outro;B0HKQ8XG8F;https://www.amazon.com.br/dp/B0HKQ8XG8F
Papelaria e Escritório;1;3;Kit de 60 Canetas Marcador Permanente Ponta Dupla Coloridas para Desenho Profissional Escolar Infantil com Estojo Organizador Base Artista Canetinhas ;Canetinhas;16.99;1;outro;B0FNYHQJ2L;https://www.amazon.com.br/dp/B0FNYHQJ2L
Papelaria e Escritório;2;3;Kit de Canetas Marcador Permanente Ponta Dupla Touch Coloridas para Desenho Profissional Escolar Infantil com Estojo Organizador Base Artista Canetinh;Canetinhas;11.6;1;outro;B0HC5GF2PC;https://www.amazon.com.br/dp/B0HC5GF2PC
Papelaria e Escritório;3;3;Kit de 80 Canetas Marcador Permanente Ponta Dupla Coloridas para Desenho Profissional Escolar Infantil com Estojo Organizador Base Artista Canetinhas ;Canetinhas;24.25;1;outro;B0FNXMZ99X;https://www.amazon.com.br/dp/B0FNXMZ99X
Papelaria e Escritório;4;81;Caderneta Anotacoes Pautada ou Sem Pauta Capa Dura C/Elastico Agenda 14x21 80 Folhas (Marrom - Pautada);Cadernos com Pauta;20.9;1;outro;B0CSVQ1WH8;https://www.amazon.com.br/dp/B0CSVQ1WH8
Papelaria e Escritório;5;81;Caderneta Anotacoes Pautada ou Sem Pauta Capa Dura C/Elastico Agenda 14x21 160 Pag (Marrom - Sem Pauta);Blocos e Cadernos de Notas;20.9;1;outro;B0GW9K97WL;https://www.amazon.com.br/dp/B0GW9K97WL
Papelaria e Escritório;6;81;Caderneta Anotacoes Pautada ou Sem Pauta Capa Dura C/Elastico Agenda 14x21 160 Pag (Azul - Pautada);Blocos e Cadernos de Notas;20.9;1;outro;B0FM5QN63N;https://www.amazon.com.br/dp/B0FM5QN63N
Papelaria e Escritório;7;81;Caderneta Anotacoes Pautada ou Sem Pauta Capa Dura C/Elastico Agenda 14x21 160 Pag (Preto - Pautada);Blocos e Cadernos de Notas;20.9;1;sem Buy Box;B0FNS3C93H;https://www.amazon.com.br/dp/B0FNS3C93H
Papelaria e Escritório;8;82;Caderneta Anotações Executiva 15×21cm Agenda Capa Dura com Pauta (Cinza);Blocos e Cadernos de Notas;21.9;1;outro;B0GMTW47HM;https://www.amazon.com.br/dp/B0GMTW47HM
Papelaria e Escritório;9;82;Caderneta Anotações Executiva 15×21cm Agenda Capa Dura com Pauta (Preto);Blocos e Cadernos de Notas;21.9;1;outro;B0GMSKMVN8;https://www.amazon.com.br/dp/B0GMSKMVN8
Papelaria e Escritório;10;92;Caderno Sem Pauta Grande A5 14x21 80 Folha Caderneta Anotações Emborrachada (marrom sem pauta);Cadernos Executivos;24.98;2;outro;B0FL4HKBM3;https://www.amazon.com.br/dp/B0FL4HKBM3
Papelaria e Escritório;11;131;Caderno A5 Com Pauta Caderneta Moleskine Capa Dura - Premium (Preto);Blocos e Cadernos de Notas;26.9;1;outro;B0GTRLM8NW;https://www.amazon.com.br/dp/B0GTRLM8NW
Papelaria e Escritório;12;131;Caderno A5 Com Pauta Caderneta Moleskine Capa Dura - Azul-Claro;Blocos e Cadernos de Notas;24.9;1;outro;B0H627NNDX;https://www.amazon.com.br/dp/B0H627NNDX
Papelaria e Escritório;13;131;Caderno A5 Com Pauta Caderneta Moleskine Capa Dura - (Sortidos/Variados);Blocos e Cadernos de Notas;24.9;1;outro;B0H8TL1TCR;https://www.amazon.com.br/dp/B0H8TL1TCR
Papelaria e Escritório;14;145;Bloco de Notas Adesivo Transparente 200 Folhas 75x75mm Kit 4 Blocos em PET Autoadesivo Removível para Livros, Estudos, Escritório, Escola e Organizaçã;Blocos de Autoadesivos;19.9;1;outro;B0HF5F8C66;https://www.amazon.com.br/dp/B0HF5F8C66
Papelaria e Escritório;15;234;Marcador de Página Adesivo 200 Folhas 10 Cores Vibrantes Reposicionável Nota Auto Adesiva;Blocos de Autoadesivos;11.99;1;outro;B0HJSSN1M4;https://www.amazon.com.br/dp/B0HJSSN1M4
Papelaria e Escritório;16;236;Caderneta Anotações Estilo Wire-o Pautada ou Sem Pauta Caderno Espiral A5 Capa Dura Escolar Trabalho Planejamento Diário (Preto- Pautada);Blocos e Cadernos de Notas;22.9;1;outro;B0FH354N9M;https://www.amazon.com.br/dp/B0FH354N9M
Papelaria e Escritório;17;383;Marcador de Página Adesivo 200 Folhas 10 Cores Vibrantes Reposicionável Nota Auto Adesiva;Blocos de Autoadesivos;12.9;1;outro;B0FX5M3C9L;https://www.amazon.com.br/dp/B0FX5M3C9L
Papelaria e Escritório;18;390;Bloco de Notas Adesivas Alta Fixação 400 Folhas, 4 Cores em Tons Pastel, Notas Autoadesivas Coloridas para Recados, Lembretes, Estudos, Escritório, Es;Blocos de Autoadesivos;13.9;1;outro;B0HF2H6D5F;https://www.amazon.com.br/dp/B0HF2H6D5F
Papelaria e Escritório;19;391;Estojo Escolar Box Grande Infantil Organizador Para Lapis Feminino Masculino Nylon Com Divisoria Necessarie Ziper Resistente Marca Calmfy (Azul);Estojos Infantis;27.9;1;outro;B0D8VD8Q3H;https://www.amazon.com.br/dp/B0D8VD8Q3H
Papelaria e Escritório;20;408;Kit 3 Tesouras Multiuso Profissional Aço Inox – Corte de Alta Precisão e Cabo Ergonômico – Conjunto Versátil (14cm, 20cm, 22cm) para Cozinha, Costura,;Tesouras para Arte e Artesanato;23.9;1;outro;B0GR8337NG;https://www.amazon.com.br/dp/B0GR8337NG
Automotivo;1;93;Toalha Microfibra Automotiva 500 GSM Secagem Polimento 40x30 cm;Equipamento de Lavagem Automotiva;9.9;1;outro;B0HHD7QLVL;https://www.amazon.com.br/dp/B0HHD7QLVL
Automotivo;2;93;Kit 2 Toalhas Microfibra Automotiva 500 GSM Secagem Polimento 40x30 cm;Equipamento de Lavagem Automotiva;13.9;1;outro;B0HHDFD2SV;https://www.amazon.com.br/dp/B0HHDFD2SV
Automotivo;3;144;Kit Reparo de Pneu Sem Câmara 12 Peças com Maleta, Macarrão Vulcanizante, Escariador, Aplicador em T, Cola, Estilete, Kit Emergência para Carro, Moto,;Cuidados com Pneus e Rodas Automotivas;33.9;1;outro;B0HCKRCMLF;https://www.amazon.com.br/dp/B0HCKRCMLF
Automotivo;4;179;Cabo de Chupeta 2,2 Metros 1200 Amperes com Bolsa de Transporte Cabo Para Carga de Bateria de Carros, Caminhão, Vans, SUVs e Motos;Ferramentas da Bateria Automotiva;27.9;1;outro;B0HKT1SWDY;https://www.amazon.com.br/dp/B0HKT1SWDY
Automotivo;5;214;STARTOOLS Aspirador Portátil Sem Fio Carregamento USB;Produtos para Cuidados de Internos Automotivos;34.9;1;outro;B0GN3TYH7B;https://www.amazon.com.br/dp/B0GN3TYH7B
Automotivo;6;288;Capa Para Banco De Moto Universal Em Tela Preta 62x50 cm;Acessórios e Peças para Motos;17.99;1;outro;B0HCVHPRYN;https://www.amazon.com.br/dp/B0HCVHPRYN
Automotivo;7;294;Magilclean Shampoo Automotivo 1,15 Litros Magilclean Shampoo Automotivo Carro,Moto,Caminhão,Trator Ultra Limpador Removedor de Sujeira Pesada e Leve U;Limpadores Automotivos;41.9;1;outro;B0FT8Z656T;https://www.amazon.com.br/dp/B0FT8Z656T
Automotivo;8;297;Cabo de Bateria 10mm Chupeta Automotivo 800 Amperes Cabo de 2,5 Metros Com Garras Em Aço Cobreado Fio com Bolsa de Transporte transferência de energia;Ferramentas da Bateria Automotiva;39.9;1;outro;B0GHBZ6JKC;https://www.amazon.com.br/dp/B0GHBZ6JKC
Automotivo;9;349;Cabo de Bateria 10mm Chupeta Automotivo 800Amperes Cabo 2,5 Metros com Garras em Aço Cobreado e Bolsa de Transporte Auxiliar de Partida para Carro Mot;Ferramentas da Bateria Automotiva;41.9;1;outro;B0GT7K6CRG;https://www.amazon.com.br/dp/B0GT7K6CRG
Automotivo;10;396;Aspirador Automotivo Portátil 3 em 1 Sem Fio Recarregável Portátil;Produtos para Cuidados de Internos Automotivos;32.9;1;outro;B0H9BD287G;https://www.amazon.com.br/dp/B0H9BD287G
Automotivo;11;403;Cabo de Bateria 10mm Chupeta Automotivo 800 Amperes Cabo de 2,5 Metros Com Garras Em Aço Cobreado Fio com Bolsa de Transporte transferência de energia;Ferramentas da Bateria Automotiva;56.97;1;outro;B0F1M2DQ8V;https://www.amazon.com.br/dp/B0F1M2DQ8V
Automotivo;12;472;Cabo de Bateria 10mm Chupeta Automotivo 800 Amperes Cabo de 2,5 Metros Com Garras Em Aço Cobreado Fio com Bolsa de Transporte transferência de energia;Ferramentas da Bateria Automotiva;46.9;1;outro;B0GTS3H1X2;https://www.amazon.com.br/dp/B0GTS3H1X2
Automotivo;13;563;Par Lâmpadas LED T10 Pingo 6W Canbus com Projetor 19 LEDs 6000K;Lâmpadas de Farol para Automóvel;39.99;1;outro;B0H4NN1NFM;https://www.amazon.com.br/dp/B0H4NN1NFM
Automotivo;14;574;Kit 2 Litros Cera Golden Intense Carnaúba Microcristalização Automotivo Brilho Carro Vidro Box;Produtos para Cuidados de Internos Automotivos;64.99;2;outro;B0GWS222YT;https://www.amazon.com.br/dp/B0GWS222YT
Automotivo;15;589;Shampoo Automotivo Com Cera De Carnaúba Concentrado 5 Litros;Limpadores Automotivos;37.9;1;outro;B0GQVQLKGZ;https://www.amazon.com.br/dp/B0GQVQLKGZ
Automotivo;16;626;Difusor Clipe Para Carros Aromaterapia Aromatizador São Bento;Purificadores de Ar Automotivos;37.9;1;outro;B0DPXTM1Z4;https://www.amazon.com.br/dp/B0DPXTM1Z4
Automotivo;17;629;Cabo de Chupeta 1200A 3 Metros 12mm com Bolsa Reforçada para Carros, Caminhonetes, SUVs e Motos – Alta Potência e Confiabilidade em Emergências Automo;Ferramentas da Bateria Automotiva;74.99;1;outro;B0FV4JBCNN;https://www.amazon.com.br/dp/B0FV4JBCNN
Automotivo;18;640;Compressor de Ar Portátil Digital 150 PSI para Pneus;Bombas de ar automotivas;69.9;1;outro;B0F2G99R82;https://www.amazon.com.br/dp/B0F2G99R82
Automotivo;19;677;Aspirador de Pó Automotivo Portátil Sem Fio Recarregável Premium 3 em 1 Alta Sucção para Carro, Casa e Escritório;Produtos para Cuidados de Internos Automotivos;42.9;1;outro;B0HCB5MFXP;https://www.amazon.com.br/dp/B0HCB5MFXP
Automotivo;20;681;Pneu Moto Acropole Monumental Aro 18 90/90-18 Traseiro;Pneus para Moto de Rua;129.99;1;outro;B0H9ZL11JZ;https://www.amazon.com.br/dp/B0H9ZL11JZ
Moda;1;8;Guarda Chuva com Botão Automático Reforçado – Compacto, Resistente ao Vento, Proteção Solar UV, Blackout, Dobrável - Guarda Chuva Portátil para Bolsa/;Guarda-Chuvas;41.9;1;outro;B0G49SWCGT;https://www.amazon.com.br/dp/B0G49SWCGT
Moda;2;8;Guarda Chuva com Botão Automático Reforçado – Compacto, Resistente ao Vento, Proteção Solar UV, Blackout, Dobrável - Guarda Chuva Portátil para Bolsa/;Guarda-Chuvas;41.9;1;outro;B0GKH8QRBX;https://www.amazon.com.br/dp/B0GKH8QRBX
Moda;3;8;Guarda Chuva com Botão Automático Reforçado – Compacto, Resistente ao Vento, Proteção Solar UV, Blackout, Dobrável - Guarda Chuva Portátil para Bolsa/;Guarda-Chuvas;41.9;1;outro;B0G49SBZ74;https://www.amazon.com.br/dp/B0G49SBZ74
Moda;4;59;Kit Pares Meias Sapatilha Antiderrapante para Pilates e Yoga, Malha, Cores Sortidas e preta (BR, Alfa, Único, Regular, Regular, 3, Cores escuras);Meias Esportivas Femininas;39.9;3;outro;B0FR6Z4RJL;https://www.amazon.com.br/dp/B0FR6Z4RJL
Moda;5;77;Guarda Chuva Automático Reforçado Resistente ao Vento com Proteção UV – Compacto, Dobrável e Portátil para Bolsa e Mochila - Qualidade Premium (Preto);Guarda-Chuvas;38.99;1;sem Buy Box;B0GTRRKZQ3;https://www.amazon.com.br/dp/B0GTRRKZQ3
Moda;6;77;Guarda Chuva Automático Reforçado Resistente ao Vento com Proteção UV – Compacto, Dobrável e Portátil para Bolsa e Mochila - Qualidade Premium (Azul M;Guarda-Chuvas;;0;sem Buy Box;B0GTRVM1LH;https://www.amazon.com.br/dp/B0GTRVM1LH
Moda;7;77;Guarda Chuva Automático Reforçado Resistente ao Vento com Proteção UV – Compacto, Dobrável e Portátil para Bolsa e Mochila - Qualidade Premium (Marsal;Guarda-Chuvas;;0;sem Buy Box;B0GTRTC2BR;https://www.amazon.com.br/dp/B0GTRTC2BR
Moda;8;82;Guarda-Chuva Premium Botão Automático Abre e Fecha 10 Varetas Reforçadas Proteção Solar Blackout Resistente ao Vento Compacto Dobrável Sombrinha Portá;Guarda-Chuvas;74.9;1;outro;B0GN72LS8R;https://www.amazon.com.br/dp/B0GN72LS8R
Moda;9;82;Guarda-Chuva Premium Botão Automático Abre e Fecha Varetas Reforçadas Proteção Solar UV Blackout Resistente ao Vento Compacto Dobrável Sombrinha Portá;Guarda-Chuvas;45.9;1;outro;B0H8YZB2P7;https://www.amazon.com.br/dp/B0H8YZB2P7
Moda;10;82;Guarda-Chuva Premium Botão Automático Abre e Fecha Varetas Reforçadas Proteção Solar UV Blackout Resistente ao Vento Compacto Dobrável Sombrinha Portá;Guarda-Chuvas;45.9;1;outro;B0H8ZDBLP6;https://www.amazon.com.br/dp/B0H8ZDBLP6
Moda;11;101;Kit Pares Meias Sapatilha Antiderrapante para Pilates e Yoga, Malha, Cores Sortidas e preta (3 pares);Meias Esportivas Femininas;34.9;3;outro;B0FQQG9VQG;https://www.amazon.com.br/dp/B0FQQG9VQG
Moda;12;112;Guarda Chuva Automático Grande | Reforçado, Hiper Repelente à Água, Fibra de Vidro UltraFlex | Tecido Resistente, Proteção UV 100%, Resistente ao Vent;Guarda-Chuvas;51.9;1;outro;B0DYBPCGK8;https://www.amazon.com.br/dp/B0DYBPCGK8
Moda;13;112;Guarda Chuva Automático Grande | Reforçado, Hiper Repelente à Água, Fibra de Vidro UltraFlex | Tecido Resistente , Proteção UV 100%, Resistente ao Ven;Guarda-Chuvas;49.9;1;outro;B0DYC57JWM;https://www.amazon.com.br/dp/B0DYC57JWM
Moda;14;116;Cinto Social Masculino Dupla Face Preto e Café em Couro Sintético | Ajustável, Elegante, Fivela Reversível | Cinto Masculino Social e Casual;Cintos Masculinos;23.9;1;outro;B0GWK1FN4C;https://www.amazon.com.br/dp/B0GWK1FN4C
Moda;15;119;Cinto Tático Militar Elástico com Fivela de Engate Rápido em Polímero, Ajustável e Resistente para Airsoft – Premium Preto;Cintos Masculinos;21.9;1;outro;B0HBNZGXWX;https://www.amazon.com.br/dp/B0HBNZGXWX
Moda;16;119;Cinto Tático Militar Elástico com Fivela de Engate Rápido em Polímero, Ajustável e Resistente para Airsoft – Premium Marrom;Cintos Masculinos;23.9;1;outro;B0HBNS3L77;https://www.amazon.com.br/dp/B0HBNS3L77
Moda;17;119;Cinto Tático Militar Elástico com Fivela de Engate Rápido em Polímero, Ajustável e Resistente para Airsoft – Premium Cinza Claro;Cintos Masculinos;23.9;1;outro;B0HBNTJ7Q7;https://www.amazon.com.br/dp/B0HBNTJ7Q7
Moda;18;119;Cinto Tático Militar Elástico com Fivela de Engate Rápido em Polímero, Ajustável e Resistente para Airsoft – Premium Azul Marinho;Cintos Masculinos;;0;sem Buy Box;B0HBNLDLP5;https://www.amazon.com.br/dp/B0HBNLDLP5
Moda;19;126;Mochila de Viagem Expansível Grande Capacidade | Mochila Executiva Impermeável para Notebook | Masculina e Feminina | Ideal para Avião, Trabalho e Fac;Mochilas Casuais;79.9;1;outro;B0H8G585YG;https://www.amazon.com.br/dp/B0H8G585YG
Moda;20;139;Guarda Chuva Automático Reforçado (Azul Marinho);Guarda-Chuvas;34.0;1;outro;B0HJ3T54XC;https://www.amazon.com.br/dp/B0HJ3T54XC
Computadores e Informática;1;5;Mouse Sem Fio Recarregável Wireless Bluetooth Optico Led Rgb Colorido Ergonômico Usb 2.4 Ghz Notebook Computador Pc Desktop Linha Premium - Cores Sort;Mouses de Computador;17.9;1;outro;B0F1G2TL8P;https://www.amazon.com.br/dp/B0F1G2TL8P
Computadores e Informática;2;80;Top 1 Webcam Premium Full HD 1080p com Microfone, USB Plug & Play, Foco Automático – Para PC, Notebook, Zoom, Teams, Meet Skype YouTube Discord e Mais;Webcams;;0;sem Buy Box;B0FLZ2T78C;https://www.amazon.com.br/dp/B0FLZ2T78C
Computadores e Informática;3;85;Adaptador Hub 7 em 1 USB-C Premium com Saída HDMI 4K a 60Hz, 7 Portas, USB 3.0, Leitor de Cartão SD, Fonte de Alimentação Tipo C, Carregamento Rápido ;Hubs USB;37.9;1;outro;B0DZ9WD8HB;https://www.amazon.com.br/dp/B0DZ9WD8HB
Computadores e Informática;4;99;Mouse Sem Fio Recarregável Wireless Bluetooth Optico Led Rgb Colorido Ergonômico Usb 2.4 Ghz Notebook Computador Pc Desktop Linha Premium;Mouses de Computador;17.87;35;outro;B0CX4CYHVV;https://www.amazon.com.br/dp/B0CX4CYHVV
Computadores e Informática;5;105;Hub USB 3.0 Extensor Adaptador 4 em 1 até 5 Gbps - Estrutura em Alumínio;Hubs USB;36.18;1;outro;B0FNQ2FGVC;https://www.amazon.com.br/dp/B0FNQ2FGVC
Computadores e Informática;6;105;Hub USB 3.0 com 4 Portas 5 Gbps - Botões On/Off Independentes com LED;Hubs USB;36.18;1;outro;B0HBNJLB8F;https://www.amazon.com.br/dp/B0HBNJLB8F
Computadores e Informática;7;105;Hub USB-C 3.0 Extensor Multifunções 7 em 2 com Adaptador USB-A;Hubs USB;81.45;1;outro;B0GVH5KM64;https://www.amazon.com.br/dp/B0GVH5KM64
Computadores e Informática;8;105;Hub USB-C 3.0 Extensor Adaptador Multifunções 7 em 1 - Estrura em Alumínio;Hubs USB;81.45;1;outro;B0GKQTNBSS;https://www.amazon.com.br/dp/B0GKQTNBSS
Computadores e Informática;9;107;Mouse Pad Ergonômico com Apoio de Punho, Reduz a Tensão na Mão, Base Antiderrapante, Minimalista, Escritório, Gamer, Trabalho, Premium;Mouse Pads;11.99;1;outro;B0HKWXCW6S;https://www.amazon.com.br/dp/B0HKWXCW6S
Computadores e Informática;10;114;Adaptador Hub 8 em 1 USB-C com HDMI 4K + VGA + RJ45 + PD 100W + 2 USB 3.0 + SD/TF - Para MacBook, Windows, Chromebook, Notebook, Tablet e Celular Conv;Hubs USB;35.98;1;outro;B0F48MZ942;https://www.amazon.com.br/dp/B0F48MZ942
Computadores e Informática;11;114;Adaptador Hub 7 em 1 USB-C Premium com Saída HDMI 4K a 60Hz, 7 Portas, USB 3.0, Leitor de Cartão SD, Fonte de Alimentação Tipo C, Carregamento Rápido ;Hubs USB;29.99;1;outro;B0HFTZCV8G;https://www.amazon.com.br/dp/B0HFTZCV8G
Computadores e Informática;12;123;Case Externa Para HD transparente Alta Velocidade e Conexão USB 3.0 Transmissão de 6gbps Sata 3 Suporta SSDs e HDs de até 3TB Transparente Premium;Bolsas e Estojos para HDs;17.9;1;outro;B0F1BS14D7;https://www.amazon.com.br/dp/B0F1BS14D7
Computadores e Informática;13;137;Repetidor de Sinal Wi-Fi 1800m Premium | Amplificador de Internet Wireless Ultra Rápido | Expansor de Rede Roteador Sem Fio 2.4G 5G | Conexão Estável ;Repetidores de Rede;35.9;1;outro;B0F48HW5QJ;https://www.amazon.com.br/dp/B0F48HW5QJ
Computadores e Informática;14;181;Mouse Pad Grande 80x30 cm Preto com Base Antiderrapante para Teclado e Mouse, Tapete de Mesa para Escritório, Home Office e Setup Gamer.;Mouse Pads;12.99;1;outro;B0HKPN8TBB;https://www.amazon.com.br/dp/B0HKPN8TBB
Computadores e Informática;15;197;Mouse Bluetooth Recarregável sem Fio Dupla Conexão, e USB, Wireless Mouse compatível com iPhone, MacBook,iPad,Laptop,PC,Notebook, Tablet,Ergonômico, P;Mouses de Computador;29.94;1;outro;B0DZ17V1R8;https://www.amazon.com.br/dp/B0DZ17V1R8
Computadores e Informática;16;235;Hub USB 3.0 (4 Portas) Expansor até 5Gbps | Acabamento Alumínio | Ideal p/HD Externo, Pen Drive, Teclado, Mouse, PC, Notebook;Hubs USB;15.9;1;outro;B0FTSHK5KX;https://www.amazon.com.br/dp/B0FTSHK5KX
Computadores e Informática;17;236;Repetidor de Sinal Wi-Fi 300 Mbps 2.4 GHz com 4 Antenas, Amplificador e Extensor de Internet, WPS, Modo Repetidor e Access Point Porta LAN para Casa e;Repetidores de Rede;39.99;1;outro;B0HKLMGTT6;https://www.amazon.com.br/dp/B0HKLMGTT6
Computadores e Informática;18;253;Mouse Pad Gamer 60x30cm Impermeável Antiderrapante Azul;Mouse Pads;29.9;1;outro;B0G4HQDYTM;https://www.amazon.com.br/dp/B0G4HQDYTM
Computadores e Informática;19;263;Suporte para Notebook Base Ergonômica Silencioso LED Azul 8 Níveis de Altura Refrigerada com 2 Coolers Potentes e com Suporte de Celular Integrado Pre;Ventoinhas para Notebooks;48.37;1;outro;B0G4NSJKKX;https://www.amazon.com.br/dp/B0G4NSJKKX
Computadores e Informática;20;264;Mouse sem fio Bluetooth USB Recarregável RGB Ergonômico;Mouses de Computador;18.29;1;outro;B0H6GZCTTK;https://www.amazon.com.br/dp/B0H6GZCTTK
Eletrônicos;1;54;Fone de Ouvido Bluetooth 5.4, IPX5 à Prova D'Água, 45h de Bateria, Com Microfone Embutido. Design Esportivo Ergonômico Ideal Para Esportes Corridas At;Fones de Ouvido e Acessórios;69.22;1;outro;B0FDB9Z96L;https://www.amazon.com.br/dp/B0FDB9Z96L
Eletrônicos;2;88;Controle Remoto Compatível Samsung para Smart TV — Teclas de Atalho para Netflix, Prime Video e + 2 - Funciona em Modelos 4K, QLED, Crystal, Neo QLED ;Controles Remotos (Eletrônicos);21.9;1;outro;B0G467TPS1;https://www.amazon.com.br/dp/B0G467TPS1
Eletrônicos;3;154;Fones De Ouvido Com Fio Tipo C Intra Auricular Microfone Integrado Compativel iPhone 15 15 Pro 15 Pro Max 16 16 Pro Max 17 Com Fio Fones Estéreo Compa;Fones de Ouvido Abertos;11.2;1;outro;B0HJ6Q6F7X;https://www.amazon.com.br/dp/B0HJ6Q6F7X
Eletrônicos;4;156;Controle Remoto Universal Compatível com Smart TV Samsung 4K QLED Crystal Neo QLED OLED Netflix Prime Video Globoplay Não Precisa Configurar;Controles Remotos (Eletrônicos);19.0;1;outro;B0FMZVRRRJ;https://www.amazon.com.br/dp/B0FMZVRRRJ
Eletrônicos;5;162;Fone de Ouvido Headphone P47 Sem Fio Bluetooth Wireless Micro Sd 5.0 Dobrável Com Microfone Regulável Para Corrida Academia Escritório Caminhada Linha;Fones de Ouvido;19.99;1;outro;B0DT9XFTCG;https://www.amazon.com.br/dp/B0DT9XFTCG
Eletrônicos;6;260;Controle Remoto Premium Compatível com Samsung Smart TV 4K, Crystal, QLED, Neo QLED e OLED – Não Precisa Configurar – Atalhos para Netflix, Prime Vide;Controles Remotos (Eletrônicos);16.1;1;outro;B0H161WG23;https://www.amazon.com.br/dp/B0H161WG23
Eletrônicos;7;261;Controle Remoto Compatível com Amazon Fire TV Stick Lite, 4K e 4K Max | Bluetooth, Alexa Integrada, Atalhos Netflix Prime Video Disney+;Controles Remotos (Eletrônicos);51.9;1;outro;B0GV54K5QQ;https://www.amazon.com.br/dp/B0GV54K5QQ
Eletrônicos;8;285;Fones De Ouvido Com Fio Tipo C Microfone Integrado Compativel iPhone 15 15 Pro 15 Pro Max 16 16 Pro Max Com Fio Fones Estéreo Compatíveis ANDROID LG Q;Fones de Ouvido Abertos;14.5;1;outro;B0HK2L144K;https://www.amazon.com.br/dp/B0HK2L144K
Eletrônicos;9;288;Controle Remoto Premium Compatível com Samsung Smart TV 4K, Crystal, QLED, Neo QLED e OLED – Não Precisa Configurar – Atalhos para Netflix, Prime Vide;Controles Remotos (Eletrônicos);7.9;1;outro;B0HLFZLW1Z;https://www.amazon.com.br/dp/B0HLFZLW1Z
Eletrônicos;10;312;Suporte de Parede para TV 14 a 55 Pol Multiarticulado, Braço Longo Até 50kg;Racks e Suportes de Parede para TV;32.9;1;outro;B0HJRNQ4RH;https://www.amazon.com.br/dp/B0HJRNQ4RH
Eletrônicos;11;343;Relógio Digital Feminino Masculino Smartwatch Inteligente Bluetooth, Full Touch a Prova d 'água IP68 com 120+ Modos de Exercício e Esporte, Preto;Smartwatches;119.99;1;outro;B0F6D2CWS7;https://www.amazon.com.br/dp/B0F6D2CWS7
Eletrônicos;12;358;Suporte Articulado para TV 32 a 58 Polegadas até 30 kg, Suporte de Parede Universal com Giro, Inclinação e Avanço, Compatível com Padrão VESA, Aço Ref;Racks e Suportes de Parede para TV;54.9;1;outro;B0H6CS31C1;https://www.amazon.com.br/dp/B0H6CS31C1
Eletrônicos;13;376;Controle Remoto Universal Compatível com TV LG Smart TV 4K LED LCD, Teclas de Atalho, Controle de Tv PREMIUM AKB75375604 AKB75095315 AKB75095307;Controles Remotos (Eletrônicos);6.0;1;outro;B0HLFSHSQ9;https://www.amazon.com.br/dp/B0HLFSHSQ9
Eletrônicos;14;398;Smartband Inteligente à Prova D'Água para Natação, +100 Mostradores, Smartwatch Relógio FB057 para Homens e Mulheres (Prata);Smartwatches;139.99;1;outro;B0G7DS2P81;https://www.amazon.com.br/dp/B0G7DS2P81
Eletrônicos;15;413;Controle Remoto Compatível com Fire TV Stick, Bluetooth, Comando de Voz, 4 Teclas de Atalho, Controle de TV, Reposição;Controles Remotos (Eletrônicos);34.9;1;outro;B0HHQZ29S4;https://www.amazon.com.br/dp/B0HHQZ29S4
Eletrônicos;16;418;Controle Remoto Compatível Tv TCL Smart Rc902v Fmr2 55p725 65p725 75p725 - Controle para reposição - Com Comando de voz, com botões Smart - NOVO;Controles Remotos (Eletrônicos);10.59;17;outro;B0CTS8QY6Y;https://www.amazon.com.br/dp/B0CTS8QY6Y
Eletrônicos;17;442;Controle Remoto Compatível com TV LG;Controles Remotos (Eletrônicos);15.9;1;outro;B0H6DV5LC3;https://www.amazon.com.br/dp/B0H6DV5LC3
Eletrônicos;18;448;Câmera Digital 4K Ultra HD 48MP com Tela LCD Giratória 180°, Zoom Digital 8X, Flash LED, Bateria Recarregável – Ideal para Vlog, Selfie, Viagem e Inic;Câmeras Digitais Automáticas;136.9;1;outro;B0GQZD1V1N;https://www.amazon.com.br/dp/B0GQZD1V1N
Eletrônicos;19;456;Controle Remoto Premium Compatível com Smart TV Samsung 4K, Crystal UHD, QLED, Neo QLED e OLED – Pronto para Usar, Atalhos para Netflix e Prime Video;Controles Remotos (Eletrônicos);6.9;1;outro;B0HF2KKWQ5;https://www.amazon.com.br/dp/B0HF2KKWQ5
Eletrônicos;20;507;Controle Remoto Ar condicionado Compatível com Philco – Modelos PH/PAC/PRIME AIR – Substitui Original;Controles Remotos (Eletrônicos);29.9;2;outro;B0G2T6RJGW;https://www.amazon.com.br/dp/B0G2T6RJGW
Jardim e Piscina;1;56;Mangueira Mágica Extensível 5m até 15m com Esguicho 7 Funções;Mangueiras de Jardim;34.28;1;outro;B0FTQCY5BY;https://www.amazon.com.br/dp/B0FTQCY5BY
Jardim e Piscina;2;67;Terra Vegetal Orgânica 5kg 100% Natural para Plantas, Mudas, Vasos, Hortas e Jardins – Ideal para Cultivo Doméstico e Jardinagem Premium;Produtos para Cuidado com Gramados e Plantas;21.5;1;outro;B0G1CN4WPQ;https://www.amazon.com.br/dp/B0G1CN4WPQ
Jardim e Piscina;3;91;Terra Vegetal 5kg - Solo Rico em Matéria Orgânica - Pronta para Plantio - Ecológico;Produtos para Cuidado com Gramados e Plantas;28.9;1;outro;B0DRZ39S6S;https://www.amazon.com.br/dp/B0DRZ39S6S
Jardim e Piscina;4;92;Pulverizador Manual De Espuma 2L Snow Foam 3 Em 1 Borrifador De Pressão Portátil Com Jato Regulável Para Lavagem Automotiva Jardinagem E Limpeza Geral;Pulverizadores de Jardim;31.9;1;outro;B0HF1TSXFS;https://www.amazon.com.br/dp/B0HF1TSXFS
Jardim e Piscina;5;136;Adubo Fertilizante NPK 10-10-10 2 kg – Nutrição Balanceada para Flores, Hortas, Frutíferas e Gramados – Fertilizante Granulado Uso Geral, Alto Rendime;Fertilizantes de Jardim;21.99;1;outro;B0G2CP6PS3;https://www.amazon.com.br/dp/B0G2CP6PS3
Jardim e Piscina;6;144;Mangueira Mágica Expansível 30m Retrátil para Jardim com Pistola Esguicho 7 Jatos, Flexível e Compacta, com Conectores para Lavagem de Carro e Quintal;Mangueiras de Jardim;48.9;1;outro;B0HHYHK6JG;https://www.amazon.com.br/dp/B0HHYHK6JG
Jardim e Piscina;7;158;Kit 3 Vasos Polietileno Para Plantas Decorativo / 3 Vasos (Branco Stone);Vaso para Plantas;79.9;2;outro;B0GX7NCZMR;https://www.amazon.com.br/dp/B0GX7NCZMR
Jardim e Piscina;8;159;Mangueira de Jardim Trançada Reforçada Verde 10m;Mangueiras de Jardim;;0;sem Buy Box;B0HKT3Z47W;https://www.amazon.com.br/dp/B0HKT3Z47W
Jardim e Piscina;9;180;Terra Vegetal Pronta Para Plantio de Plantas Ecológico 2Kg;Produtos para Cuidado com Gramados e Plantas;24.89;1;outro;B0D9PK4VJ6;https://www.amazon.com.br/dp/B0D9PK4VJ6
Jardim e Piscina;10;199;Pulverizador de Alta Pressão 2 Litros Manual Profissional Trava de Gatilho;Pulverizadores de Jardim;34.9;1;outro;B0HF725C3T;https://www.amazon.com.br/dp/B0HF725C3T
Jardim e Piscina;11;210;Kit 5 Ratoeira Adesiva Cola Rato Armadilha Pega Mata Gruda Rato;Produtos de Controle de Pragas e Ervas Daninhas;21.9;1;outro;B0FKHLRN7Z;https://www.amazon.com.br/dp/B0FKHLRN7Z
Jardim e Piscina;12;214;Kit 4Kg Farinha De Osso e Torta de Mamona Fertilizante 100% Natural Adubo Plantas Vaso Completo;Fertilizantes de Jardim;29.89;1;outro;B0GQHV4DQF;https://www.amazon.com.br/dp/B0GQHV4DQF
Jardim e Piscina;13;215;Borrifador Multiuso 500ml Transparente Spray Pulverizador;Pulverizadores de Jardim;21.98;1;outro;B0H8T3NB8Q;https://www.amazon.com.br/dp/B0H8T3NB8Q
Jardim e Piscina;14;279;Mangueira de Jardim Mágica Extensível 15m (Expande de 5m até 15m) - Kit com Esguicho 7 Funções, Sem Nós, Conectores de Metal Resistente;Mangueiras de Jardim;34.28;1;outro;B0H852WQGZ;https://www.amazon.com.br/dp/B0H852WQGZ
Jardim e Piscina;15;280;Kit 3 Vasos de Planta Decorativo Acabamento Grafiato com Alturas de 20, 31 e 44 cm (Areia);Vaso para Plantas;164.9;1;outro;B0FGW1DFNG;https://www.amazon.com.br/dp/B0FGW1DFNG
Jardim e Piscina;16;285;Vaso De Polietileno Para Plantas Coluna Romana 46 Cm Altura (MARROM);Vaso para Plantas;71.9;1;outro;B0GLR5GNKR;https://www.amazon.com.br/dp/B0GLR5GNKR
Jardim e Piscina;17;294;Pulverizador Manual Compressão Multiuso Borrifador Spray Ajustável para Jardinagem Limpeza Vidros e Uso Automotivo Domestico (2 Litros);Pulverizadores de Jardim;27.99;1;outro;B0GMXHXZWF;https://www.amazon.com.br/dp/B0GMXHXZWF
Jardim e Piscina;18;299;Húmus de Minhoca 5kg Adubo Orgânico Natural NPK Para Plantas Horta Jardim Vaso Flores Frutíferas;Fertilizantes de Jardim;22.99;1;outro;B0GV4LLVR8;https://www.amazon.com.br/dp/B0GV4LLVR8
Jardim e Piscina;19;314;Mangueira de Jardim Extensível até 30 Metros com Esguicho 7 Tipos de Jato – Irrigação;Mangueiras de Jardim;59.9;1;outro;B0GHLPT3NK;https://www.amazon.com.br/dp/B0GHLPT3NK
Jardim e Piscina;20;326;Terra Vegetal Premium 5kg com Fibra de Coco (Ideal para Vasos, Hortas e Jardins Substrato Orgânico Rico em Nutrientes Alta Retenção de Umidade Embalag;Produtos para Cuidado com Gramados e Plantas;25.9;1;outro;B0GYQBZQY7;https://www.amazon.com.br/dp/B0GYQBZQY7
Móveis;1;26;Cadeira gamer fofa com orelhas de coelho, com apoio de pés e apoio de cabeça (Rosa);Cadeiras Gamer;;0;sem Buy Box;B0F3CQG1ZC;https://www.amazon.com.br/dp/B0F3CQG1ZC
Móveis;2;34;Estante Multiuso Livreiro Domus 2 Módulos e 6 Prateleiras Organizadoras (Branco);Estantes;206.99;1;outro;B0GGCCH7HL;https://www.amazon.com.br/dp/B0GGCCH7HL
Móveis;3;34;Estante Multiuso Livreiro Domus 2 Módulos e 6 Prateleiras Organizadoras (Nature/Preto);Estantes;206.99;1;outro;B0GGCLJSNH;https://www.amazon.com.br/dp/B0GGCLJSNH
Móveis;4;35;Estante 5 Prateleiras: Sapateira Organizadora, Prateleira para Livros e Estante Organizadora Multiuso para Cozinha, Sala ou Escritório;Estantes para Escritório em Casa;59.9;1;outro;B0FJMS13SM;https://www.amazon.com.br/dp/B0FJMS13SM
Móveis;5;63;Mesa Dobrável Portátil Articulada para Notebook Laptop – Uso em Home Office Cama Sofá Escritório Com Porta-Copos Suporte Ergonômica MDF Reforçado Leve;Suportes para Notebook;34.1;1;outro;B0FPGGHJMZ;https://www.amazon.com.br/dp/B0FPGGHJMZ
Móveis;6;97;Cadeira de Escritório Ergonômica Giratória para Home Office, Encosto Mesh Respirável, Regulagem de Altura, Base Cromada, Suporta até 120kg;Cadeiras Executivas para Escritório;194.99;1;outro;B0HJ6M6MY8;https://www.amazon.com.br/dp/B0HJ6M6MY8
Móveis;7;99;Estrutura De Cama De Metal, Cama de Solteiro Casal, 1350kg de Capacidade, Sem Necessidade de Mola, Silenciosa, Fácil Montagem (Duplo: 190 * 136 * 46cm;Estruturas de Cama;275.0;1;outro;B0G7HTYPJY;https://www.amazon.com.br/dp/B0G7HTYPJY
Móveis;8;107;Mesa Escrivaninha Industrial para Escritório e Home Office;Mesas e Escrivaninhas para Escritório;132.04;1;outro;B0H6KMQ35Y;https://www.amazon.com.br/dp/B0H6KMQ35Y
Móveis;9;107;Mesa Escrivaninha Industrial Escritório Home Office;Mesas e Escrivaninhas para Escritório;132.04;1;outro;B0H6KNYZ14;https://www.amazon.com.br/dp/B0H6KNYZ14
Móveis;10;107;Mesa Escrivaninha Industrial Escritório Home Office;Mesas e Escrivaninhas para Escritório;135.0;1;outro;B0H6KNSSW5;https://www.amazon.com.br/dp/B0H6KNSSW5
Móveis;11;120;Mesa De Cabeceira Mudo Charme Retro Com Nicho Quarto Cama (Off White);Mesas De Cabeceira;78.9;2;outro;B0CL7RFJNK;https://www.amazon.com.br/dp/B0CL7RFJNK
Móveis;12;120;Mesa De Cabeceira Mudo Charme Retro Com Nicho Quarto Cama (Preto);Mesas De Cabeceira;78.9;2;outro;B0CL7FVJBN;https://www.amazon.com.br/dp/B0CL7FVJBN
Móveis;13;120;Mesa De Cabeceira Mudo Charme Retro Com Nicho Quarto Cama (Branco);Mesas De Cabeceira;78.9;2;outro;B0CL7FM4CF;https://www.amazon.com.br/dp/B0CL7FM4CF
Móveis;14;122;Escrivaninha Multifuncional com Gaveta Mesa Compacta para Quarto (BRANCO);Mesas e Escrivaninhas para Escritório;119.99;1;outro;B0H1SL87FX;https://www.amazon.com.br/dp/B0H1SL87FX
Móveis;15;122;Escrivaninha Multifuncional com Gaveta Mesa Compacta para Quarto (CEDRO);Mesas e Escrivaninhas para Escritório;119.99;1;outro;B0H1SPZYR8;https://www.amazon.com.br/dp/B0H1SPZYR8
Móveis;16;129;Banqueta Irís Para Cozinha, Balcão e Bancadas Com Encosto;Bancos (Móveis);88.17;1;outro;B0FLF2YSPS;https://www.amazon.com.br/dp/B0FLF2YSPS
Móveis;17;130;Mesa De Cabeceira Nicho Multiuso Mesinha Lateral Decoração Quarto Com Pés Palito (Preto/Freijo);Mesas De Cabeceira;69.9;1;outro;B0H1S2DB7D;https://www.amazon.com.br/dp/B0H1S2DB7D
Móveis;18;132;Colchão Solteiro D33 SoftBox Ortopédico 88x188x12cm;Colchões;289.9;1;outro;B0H6GS5PGK;https://www.amazon.com.br/dp/B0H6GS5PGK
Móveis;19;133;Mesa Escrivaninha Industrial Escritório Home Office (Freijo/Preto);Mesas e Escrivaninhas para Escritório;169.9;1;outro;B0H4X477LK;https://www.amazon.com.br/dp/B0H4X477LK
Móveis;20;141;Mesa Home Office C/prateleiras De Metal E&A - Preto/Canela;Mesas e Escrivaninhas para Escritório;229.99;1;outro;B0FWVJ7YRY;https://www.amazon.com.br/dp/B0FWVJ7YRY
Alimentos e Bebidas;1;348;Stick Wafer Recheado Sonho de Valsa Sabor Chocolate - Display com 15 unidades de 25g;Alimentos de Snack;28.84;1;Amazon;B0BGJ6VSDW;https://www.amazon.com.br/dp/B0BGJ6VSDW
Alimentos e Bebidas;2;771;Kit 12 Cervejas Roleta Russa Easy IPA 350ml;Cervejas India Pale Ale (IPA);68.89;2;outro;B0GWKHJ6QR;https://www.amazon.com.br/dp/B0GWKHJ6QR
Alimentos e Bebidas;3;853;Roleta Russa Kit 6 Cervejas Easy IPA Artesanal Lata 350ml;Cervejas India Pale Ale (IPA);;0;sem Buy Box;B0GXGRPZV8;https://www.amazon.com.br/dp/B0GXGRPZV8
Alimentos e Bebidas;4;1190;Kit 12 Unidades Sprite Limão Zero 200ml Pet;Refrigerantes e Bebidas com Gás;36.9;2;outro;B0HB16YY91;https://www.amazon.com.br/dp/B0HB16YY91
Alimentos e Bebidas;5;1272;Kit Água Saborizada Crystal Melancia com Gás 6 Garrafas de 510ml;Água;27.47;1;outro;B0GS3C7RWX;https://www.amazon.com.br/dp/B0GS3C7RWX
Alimentos e Bebidas;6;1293;Barra de Proteína Natural Winstage Kit Degustação 9x54g;Barras de Cereais e Granola;89.9;1;outro;B0G35X41YH;https://www.amazon.com.br/dp/B0G35X41YH
Alimentos e Bebidas;7;1522;Kit 60 Sachês Biscoito Bauducco Sabores Sortidos;Batatas e Salgadinhos;34.95;1;outro;B0FM9MHDGW;https://www.amazon.com.br/dp/B0FM9MHDGW
Alimentos e Bebidas;8;1746;Kit 12 Guaraná Antarctica Zero 200ml Pet;Refrigerantes e Bebidas com Gás;35.9;2;outro;B0GYYZDJL1;https://www.amazon.com.br/dp/B0GYYZDJL1
Alimentos e Bebidas;9;1944;2 Azeites de Oliva Extra Virgem Cocinero 500ml Cada – Total 1000ml;Azeite de Oliva;72.9;1;outro;B0HJ3QPKCG;https://www.amazon.com.br/dp/B0HJ3QPKCG
Alimentos e Bebidas;10;2099;Agua Mineral Com Gás Crystal Garrafa 500ml -12 Unidades;Água;42.0;1;outro;B0GSCQ9X9X;https://www.amazon.com.br/dp/B0GSCQ9X9X
Alimentos e Bebidas;11;2211;Água Mineral Com Gás São Lourenço Pet 510ml (6 unidades) - Agua Gasosa, Gaseificada Naturalmente, Fardo, Garrafa;Água;27.9;2;outro;B0FDXY7DYD;https://www.amazon.com.br/dp/B0FDXY7DYD
Alimentos e Bebidas;12;2791;Bala Mastigável Maçã Verde Lilith 500g - Cory;Balas Duras;26.57;1;sem Buy Box;B0BGJSH5N4;https://www.amazon.com.br/dp/B0BGJSH5N4
Alimentos e Bebidas;13;2850;Combo Pack 12 latas Refrigerante Diet Zero Açúcar 310ml Pierre;Refrigerantes e Bebidas com Gás;69.9;1;outro;B0G3RP5S8Y;https://www.amazon.com.br/dp/B0G3RP5S8Y
Alimentos e Bebidas;14;2938;Suco Uva e Maçã NATURAL ONE 180ml Pack c/ 24 unidades;Sucos;135.9;1;outro;B0H2ZGJXQS;https://www.amazon.com.br/dp/B0H2ZGJXQS
Alimentos e Bebidas;15;2991;Kit 2 Azeites de Oliva Extra Virgem Cocinero 250ml Cada – Total 500ml;Azeite de Oliva;45.98;1;outro;B0HHZTKYD2;https://www.amazon.com.br/dp/B0HHZTKYD2
Alimentos e Bebidas;16;3108;Água Destilada Sem Perfume, Galão 5 Litros;Água;19.99;1;outro;B0G7N834B2;https://www.amazon.com.br/dp/B0G7N834B2
Alimentos e Bebidas;17;3148;Drinks Mansão Maromba Sabor Energético – Diversos Sabores (Whisk combo+);Bebidas Energéticas;29.99;1;outro;B0GHPTD38M;https://www.amazon.com.br/dp/B0GHPTD38M
Alimentos e Bebidas;18;3313;Kit Balas Mastigáveis Yogurte 100 500g + 7 Belo 500g;Doces e Balas de Gelatina;43.29;1;outro;B0H2X5XF39;https://www.amazon.com.br/dp/B0H2X5XF39
Alimentos e Bebidas;19;3355;Biscoito Salgado Cream Cracker 350g - Vitarella;Cream Crackers;7.79;1;Amazon;B0BLSVXTLS;https://www.amazon.com.br/dp/B0BLSVXTLS
Alimentos e Bebidas;20;3390;Bala de Yogurt 100 500g;Balas de Goma e Jujubas;19.99;1;outro;B0GZCH3LKL;https://www.amazon.com.br/dp/B0GZCH3LKL
