grupo;produto;ean;asin;ranking;categoria;preco_amazon;vendedores;buybox_amazon;taxa_fba;custo_maximo
A - Recomendado;BORRACHA RETRÁTIL FORMATO CANETA HELLO KITTY - BLISTER C/ 1 SUPORTE E 3 BORRACHAS LEO&LEO;7897256216933;B0D8LNSTHK;328;Borrachas;21.78;4;nao;5.65;6.76
A - Recomendado;Cola Em Bastao Leo&Leo 40g - Pacote com 6, Leonora, 4545, Multicor, 40g;7897256250456;B078NJT3X1;424;Colas para Arte;20.6;14;nao;5.65;6.09
A - Recomendado;Cola em Bastao Leo&Leo 21g , Pacote com 12 Leonora, Multicor;0353746448453;B07BJJPP6B;424;Colas para Arte;19.82;18;nao;5.65;5.65
A - Recomendado;GIZAO DE CERA MEU PRIMEIRO GIZ 6 CORES PCT/6 UND LEOELEO;7897256243182;B078TZCSQN;542;Giz Escolar;20.1;12;nao;5.65;5.81
A - Recomendado;LAPIS GRAFITE HB RESINA VERDE SEXTAVADO/BORR.POTE/72 UND LEOELEO;7897256243908;B07DJJ88BW;590;Lápis de Madeira;29.98;6;nao;5.65;11.44
A - Recomendado;LAPIS 48 CORES RESINA SEXTAVADO UND LEOELEO;7897256275053;B07GYSBGJ1;1040;Lápis Coloridos;21.9;12;nao;5.65;6.83
A - Recomendado;LÁPIS DE COR APAGÁVEL BIG COLORJOY - CAIXA C/ 12 CORES SEXTAVADO LEO&LEO;7897256221449;B0D8M7XR6X;1071;Lápis Coloridos;29.9;5;nao;5.65;11.39
A - Recomendado;CANETA ESFEROGRÁFICA MINI HELLO KITTY 1.0 COLORIDA - BLISTER C/ 5 UNID. LEO&LEO;7897256229711;B0CGY265CY;1616;Canetas Esferográficas de Tinta Líquida;20.9;8;nao;5.65;6.26
A - Recomendado;MARCA-TEXTO CORPO ESTAMPADO C/ AROMA FINI - BLISTER C/ 5 UND LEOARTE;7897256233541;B0D8LS689Z;2701;Marca-Textos;26.02;10;nao;5.65;9.18
A - Recomendado;Mestre do Equilíbrio, Leonora, Hello Kitty;7897256221531;B0FDYD1CV1;2811;Jogos de Tabuleiro;29.26;9;nao;5.65;11.03
A - Recomendado;LÁPIS DE COR CARBON LINE 50 CORES REDONDO LEO&LEO;7897256244332;B0D2PC4HHB;2993;Lápis Coloridos;67.9;10;nao;6.05;32.65
A - Recomendado;PINCEL C/ PEGA ERGONÔMICA PONTA REDONDA COLORJOY - BLISTER C/ 3 UND LEO&LEO;7897256242390;B0D8MGM78Z;3667;Pincéis para Arte;22.1;20;nao;5.65;6.95
A - Recomendado;GIZ DE CERA RETRÁTIL PARA BANHO C/ 2 CAPSULAS DE ESPONJA SURPRESA COLORJOY - BLISTER C/ 6 CORES LEO&LEO;7897256233244;B0D8LQKSS8;3988;Giz Escolar;19.9;17;nao;5.65;5.69
A - Recomendado;GUACHE EM BASTÃO - CAIXA C/ 6 CORES LEO&LEO;7897256233275;B0D8LLS2TL;4178;Tintas para Crianças;24.9;14;nao;5.65;8.54
A - Recomendado;CARIMBO PEDAGÓGICO AUTOTINTADO LEO&LEO - 6 ESTAMPAS - DISPLAY C/ 30 UND;7897256220961;B0D9MNZ8NS;4419;Carimbos;51.29;4;nao;6.05;23.19
A - Recomendado;KIT CARIMBO HELLO KITTY - MALETA C/ 8 CARIMBOS + 1 ALMOFADA - LEO&LEO;7897256220978;B0D9MQ54LN;4419;Carimbos;37.75;4;nao;5.85;15.67
A - Recomendado;CARIMBO AUTOTINTADO DECORADO HARRY POTTER - BLISTER C/ 6 UND - LEO&LEO;7897256220992;B0D9MQGH1N;4717;Carimbos;20.9;7;nao;5.65;6.26
A - Recomendado;AVENTAL INFANTIL C/ BOLSO E MANGA COMPRIDA COLORJOY - BLISTER C/ 1 UND LEO&LEO;7897256222422;B0D92L7M2D;4785;Aventais;22.27;11;nao;5.65;7.04
A - Recomendado;LÁPIS DE COR CARBON 12 CORES NEON + PASTEL REDONDO LEO&LEO;7897256244349;B0CH1CWCJC;5336;Lápis Coloridos;21.03;9;nao;5.65;6.34
A - Recomendado;KIT LÁPIS HB HARRY POTTER 2 LAPIS/APONTADOR/BORRACHA CX/24 BLISTER LEOELEO;7897256216254;B0CH8RY76L;6022;Lápis de Madeira;20.07;21;nao;5.65;5.79
A - Recomendado;LÁPIS DE COR CARBON LINE 100 CORES REDONDO LEO&LEO;7897256244202;B0D2PBQCMB;6340;Lápis Coloridos;130.99;11;nao;16.05;58.61
B - Ticket baixo (so em volume);ADAPTADOR DE LÁPIS COM ENCAIXE DE DEDO COLORJOY - BLISTER C/ 3 PEÇAS LEO&LEO;7897256219828;B0D8LZW24M;1031;Apontadores de Lápis;12.7;8;nao;5.65;1.59
B - Ticket baixo (so em volume);Leonora Cola Gel 2 Bicos 30gs Leo, leo, 72610;7897256219101;B074J73F1Z;5287;Bastões e Bisnagas de Cola;9.6;3;nao;5.65;-0.18
C - Amazon vende (evitar);Pincel Escolar Chato Longo Individual 815-04 Blister Leonora, Amarelo;7897256246435;B07XBZLM8F;13;Pincéis para Arte;1.76;9;sim;5.65;-4.65
C - Amazon vende (evitar);Giz de Cera Color Gel 12 Cores Und Leoeleo;7897256223047;B08GPWJ2Y7;85;Giz Escolar;32.19;12;sim;5.85;12.5
C - Amazon vende (evitar);Tesoura Multiuso Aço Inox 8 Polegadas, Leonora, 91014, Transparente;7897256292142;B07D4Q45MW;349;Tesouras para Arte e Artesanato;9.98;14;sim;5.65;0.04
C - Amazon vende (evitar);Régua de Alumínio Blister Jocar Office, Leonora, Prata, 30 cm, Pacote de 1;7897256274346;B07MZZMRCK;497;Réguas e Jogos de Esquadros;9.46;8;sim;5.65;-0.26
C - Amazon vende (evitar);TESOURA ESCOLAR SOFT INOX 140MM CABO EMBORRAC.CX/24UND LEOELEO;7897256245926;B07QMGXC6X;610;Tesouras para Arte e Artesanato;7.9;4;sim;5.65;-1.15
C - Amazon vende (evitar);Grafite Hb 0.5mm Blister C/2 Tubos Blister Leo&leo Leonora, Preto;7897256282044;B07XH2WQ21;902;Grafites de Lapiseira;2.4;1;sim;5.65;-4.28
C - Amazon vende (evitar);AQUARELA 12 CORES PCT/6 ESTOJOS LEOELEO;7897256264934;B07GT7VKZB;909;Tintas para Crianças;9.47;14;sim;5.65;-0.25
C - Amazon vende (evitar);BORRACHA RETRÁTIL FORMATO CANETA SONIC - BLISTER C/ 1 SUPORTE E 3 BORRACHAS LEO&LEO;7897256216940;B0D8M2LXXF;909;Borrachas;19.46;9;sim;5.65;5.44
C - Amazon vende (evitar);Estilete Tipo Bisturi C/2 Laminas Extras Blister Leo&leo Leonora, Prata;7897256293248;B07XF6CD7T;946;Estiletes;10.96;4;sim;5.65;0.6
C - Amazon vende (evitar);Lapis Grafite C/Borracha 2Un + Apontador Astronauta 72170 Leo E Leo Blister;7897256274704;B0842YT5Q7;977;Lápis de Madeira;6.31;4;sim;5.65;-2.05
C - Amazon vende (evitar);LAPIS 24 CORES RESINA REDONDO FLEX LEOELEO;7897256244875;B07HKQK66V;1027;Lápis Coloridos;8.86;7;sim;5.65;-0.6
C - Amazon vende (evitar);CORRETIVO FITA 5MMX10M BLISTER CX/24 JOCAR OFFICE;7897256291411;B077VZ4YKN;1046;Fita Corretiva;7.55;8;sim;5.65;-1.35
C - Amazon vende (evitar);ESTOJO TUBO GAME LEOELEO;7897256251002;B0CGF3Y954;1058;Estojos Infantis;11.9;2;sim;5.65;1.13
C - Amazon vende (evitar);LAPISEIRA DE COR/GRAFITE COLORIDO 2.6 - BLISTER C/ 12 CORES + APONTADOR LEO&LEO;7897256225140;B0D8LQ5RQM;1076;Lapiseiras;34.5;4;sim;5.85;13.81
C - Amazon vende (evitar);Cola em Fita, Blister Jocar Office, Leonora, Branca, 8 mm x 8 m;7897256291435;B07QNDR4PY;1316;Colas para Arte;8.67;6;sim;5.65;-0.71
C - Amazon vende (evitar);RÉGUA DE PLÁSTICO DOBRÁVEL 15 CM/30 CM FUNDO DO MAR - BLISTER C/ 1 UND LEO&LEO;7897256222651;B0D92MTSS1;1460;Réguas e Jogos de Esquadros;8.12;5;sim;5.65;-1.02
C - Amazon vende (evitar);FITA CORRETIVA 5MX5MM FORMATO URSINHOS CORES SORTIDAS LEOARTE;7897256222880;B0D8LNQHR2;1476;Fita Corretiva;7.58;3;sim;5.65;-1.33
C - Amazon vende (evitar);Refil Lapiseira de Cor 2.6 Grafites Coloridos Leo&leo;7897256225164;B0D8LNDDT8;1643;Grafites de Lapiseira;12.9;1;sim;5.65;1.7
C - Amazon vende (evitar);LAPIS 24 CORES RESINA SEXTAVADO ECOLOGICO UND LEOELEO;7897256261339;B07BHJXJSH;1694;Lápis de Cor Infantil;13.72;16;sim;5.65;2.17
C - Amazon vende (evitar);LÁPIS DE COR CARBON 24 CORES REDONDO LEO&LEO;7897256244318;B0CH1FLQV3;1806;Lápis de Cor Infantil;33.59;15;sim;5.85;13.3
C - Amazon vende (evitar);LAPIS GRAFITE HB RESINA VERDE SEXTAVADO S/BORR.POTE/72 UND LEOELEO;7897256243892;B077P1WTDC;1872;Lápis de Madeira;27.94;5;sim;5.65;10.28
C - Amazon vende (evitar);KIT LÁPIS HB SONIC 2 LAPIS/APONTADOR/BORRACHA CX/24 BLISTER LEO&LEO;7897256222491;B0D8LML8D3;2269;Lápis de Madeira;11.46;23;sim;5.65;0.88
C - Amazon vende (evitar);Cola Gliter com 6 Cores, Leonora, Colorido, 25g;7897256261704;B07GVPLCC3;2358;Bastões e Bisnagas de Cola;9.91;5;sim;5.65;-0.0
C - Amazon vende (evitar);MINI BORRACHA FORMATO DINO CORES SORTIDAS LEO&LEO;7897256216926;B0D8LQQS8D;2549;Borrachas;7.49;5;sim;5.65;-1.38
C - Amazon vende (evitar);KIT LÁPIS HB HELLO KITTY 2 LAPIS/APONTADOR/BORRACHA CX/24 BLISTER LEOELEO;7897256216223;B0CH8TGFWD;2769;Lápis de Madeira;13.95;18;sim;5.65;2.3
C - Amazon vende (evitar);BORRACHA SONIC BLISTER C/1 UND. - 4 PERSONAGENS SORTIDOS LEO&LEO;7897256219552;B0D8M7WXMK;2801;Borrachas;3.17;7;sim;5.65;-3.84
C - Amazon vende (evitar);Mestre do Equilíbrio, Leonora, Sonic;7897256221487;B0FDXYPZLN;2811;Jogos de Tabuleiro;30.4;8;sim;5.85;11.48
C - Amazon vende (evitar);TESOURA ESCOLAR ESTAMPADA COM CAPA HELLO KITTY - BLISTER C/ 1 UND LEO&LEO;7897256290889;B0D8LZD1X7;2853;Tesouras para Arte e Artesanato;19.9;6;sim;5.65;5.69
C - Amazon vende (evitar);GIZ DE CERA ENCAIXA NO DEDO COLORJOY - BLISTER C/ 10 CORES LEO&LEO;7897256233251;B0D8M2JB7W;2865;Giz Escolar;21.6;14;sim;5.65;6.66
C - Amazon vende (evitar);MARCA-TEXTO CARBON NEON ESTOJO C/5 UND JOCAR OFFICE;7897256241119;B0CH1DGYJR;2922;Marca-Textos;31.41;6;sim;5.85;12.05
C - Amazon vende (evitar);MINI BORRACHA C/ AROMA FINI - BLISTER C/ 3 UND LEO&LEO;7897256223474;B0D8M791LC;3318;Borrachas;7.78;12;sim;5.65;-1.22
C - Amazon vende (evitar);LAPIS 12 CORES RESINA APAGAVEL TRIANGULAR UND LEOELEO;7897256275008;B07GYD63ZX;3417;Lápis Coloridos;8.85;17;sim;5.65;-0.61
C - Amazon vende (evitar);Kit Lápis Hb Fini 2 Lapis/apontador/borracha - Leo&leo;7897256227304;B0D8MLH9QT;3542;Lápis de Madeira;9.7;20;sim;5.65;-0.12
C - Amazon vende (evitar);PINCEL ERGONÔMICO COM BORRACHA PONTA REDONDA/CHATA - BLISTER C/ 4 UND LEO&LEO;7897256242413;B0D8M2LXWZ;3667;Pincéis para Arte;17.9;4;sim;5.65;4.55
C - Amazon vende (evitar);LAPISEIRA PENCIL 2.0 HELLO KITTY - BLISTER C/ 1 LAPISEIRA + 5 GRAFITES LEO&LEO;7897256232209;B0D8LXGGJV;3838;Lapiseiras;8.29;8;sim;5.65;-0.92
C - Amazon vende (evitar);BORRACHA OVAL COM GRIP CARBON LINE - CAIXA C/ 12 BLISTERS CORES SORTIDAS LEO&LEO;7897256216995;B0D8LZ3H86;3973;Borrachas;3.69;2;sim;5.65;-3.55
C - Amazon vende (evitar);APONTADOR C/DEPÓSITO E BORRACHA HELLO KITTY C/1 UND LEO&LEO;7897256240105;B0CGY3CS2T;3984;Apontadores de Lápis;9.6;7;sim;5.65;-0.18
C - Amazon vende (evitar);MASSINHA DE AREIA DINO BALDE C/ 300G DE AREIA + 4 ACESSÓRIOS - CAIXA COM 6 BALDES - LEO&LEO;7897256265689;B0D9MPS47F;4309;Massas para Crianças;20.27;5;sim;5.65;5.9
C - Amazon vende (evitar);TESOURA ESCOLAR DUPLA TANDEM COLORJOY - BLISTER C/ 1 UND LEO&LEO;7897256290872;B0D8LN621F;4421;Tesouras para Arte e Artesanato;8.3;13;sim;5.65;-0.92
C - Amazon vende (evitar);KIT LÁPIS HB PETS 2 LAPIS/APONTADOR/BORRACHA CX/24 BLISTER LEOELEO;7897256216193;B0CH1F4J3S;4470;Lápis de Madeira;7.49;5;sim;5.65;-1.38
C - Amazon vende (evitar);BORRACHA BRANCA 40 CX/40 UND LEOELEO;7897256263166;B07QXGJB2V;4981;Borrachas;17.97;7;sim;5.65;4.59
C - Amazon vende (evitar);KIT LAPIS HB DONUT 2 LAPIS/APONTADOR/BORRACHA CX/24 BLISTER LEOELEO;7897256221784;B08RCXXBQY;5113;Lápis de Madeira;8.82;10;sim;5.65;-0.62
C - Amazon vende (evitar);LÁPIS DE COR CARBON 12 CORES METÁLICAS REDONDO LEO&LEO;7897256244325;B0CH1B8JHR;5229;Lápis de Cor Infantil;21.3;16;sim;5.65;6.49
C - Amazon vende (evitar);Lapis De Cor Sextavado Eco 12cores Curto - Pacote com 12, Leonora, 4225, Multicor;7897256262909;B077PCP73Y;6038;Lápis Coloridos;37.98;7;sim;5.85;15.8
C - Amazon vende (evitar);ESTOJO TUBO SOLAR LEOELEO;7897256225102;B0CGF58G4H;6123;Estojos Infantis;9.96;2;sim;5.65;0.03
C - Amazon vende (evitar);LAPISEIRA PENCIL 2.0 LOONEY TUNES - BLISTER C/ 1 LAPISEIRA + 5 GRAFITES LEO&LEO;7897256225171;B0D8LXCJDB;6487;Lapiseiras;9.39;3;sim;5.65;-0.3
A - Recomendado;Kit Escolar Patrulha Canina Sortido 18 Itens Leo&leo (novidade, sem ranking ainda);7897256226710;B0HFYK8TSS;;Materiais Escolares;39.9;2;nao;5.85;16.89
A - Recomendado;Kit Escolar Minecraft 18 Itens Leo&leo (novidade, sem ranking ainda);7897256227175;B0HFYKVT25;;Materiais Escolares;39.9;3;nao;5.85;16.89
